User_ID,Age,Daily_Usage_Time..minutes.,Posts_Per_Day,Likes_Received_Per_Day,Comments_Received_Per_Day,Messages_Sent_Per_Day,Female,Male,Non-binary,Instagram,Twitter,Facebook,LinkedIn,Whatsapp,Telegram,Snapchat,Happiness,Anger,Neutral,Anxiety,Boredom,Sadness
1,25,120,3,45,10,12,1,0,0,1,0,0,0,0,0,0,1,0,0,0,0,0
2,30,90,5,20,25,30,0,1,0,0,1,0,0,0,0,0,0,1,0,0,0,0
3,22,60,2,15,5,20,0,0,1,0,0,1,0,0,0,0,0,0,1,0,0,0
4,28,200,8,100,30,50,1,0,0,1,0,0,0,0,0,0,0,0,0,1,0,0
5,33,45,1,5,2,10,0,1,0,0,0,0,1,0,0,0,0,0,0,0,1,0
6,21,150,4,60,15,25,0,1,0,1,0,0,0,0,0,0,1,0,0,0,0,0
7,27,85,3,30,10,18,1,0,0,0,1,0,0,0,0,0,0,1,0,0,0,0
8,24,110,6,25,12,22,0,0,1,0,0,1,0,0,0,0,0,0,0,0,0,1
9,29,55,2,10,3,8,1,0,0,0,0,0,1,0,0,0,0,0,1,0,0,0
10,31,170,5,80,20,35,0,1,0,1,0,0,0,0,0,0,1,0,0,0,0,0
11,23,75,4,35,7,20,1,0,0,0,1,0,0,0,0,0,0,0,0,1,0,0
12,26,95,3,20,10,18,0,0,1,0,0,1,0,0,0,0,0,0,0,0,0,1
13,34,65,1,12,4,15,0,1,0,0,0,0,1,0,0,0,0,0,0,0,1,0
14,22,180,7,90,25,40,1,0,0,1,0,0,0,0,0,0,1,0,0,0,0,0
15,28,100,6,40,23,28,0,1,0,0,1,0,0,0,0,0,0,1,0,0,0,0
16,21,40,1,5,2,10,0,0,1,0,0,1,0,0,0,0,0,0,1,0,0,0
17,35,125,4,55,18,30,1,0,0,1,0,0,0,0,0,0,0,0,0,1,0,0
18,27,90,3,33,15,25,0,1,0,0,1,0,0,0,0,0,0,0,0,0,0,1
19,23,50,1,8,3,12,0,0,1,0,0,0,1,0,0,0,0,0,1,0,0,0
20,32,140,5,70,22,33,1,0,0,1,0,0,0,0,0,0,1,0,0,0,0,0
21,26,75,2,25,10,18,0,1,0,0,0,1,0,0,0,0,0,0,0,1,0,0
22,24,105,4,28,14,20,1,0,0,0,1,0,0,0,0,0,0,1,0,0,0,0
23,29,60,2,11,5,17,0,1,0,0,0,0,1,0,0,0,0,0,0,0,1,0
24,33,190,8,95,26,45,0,0,1,1,0,0,0,0,0,0,1,0,0,0,0,0
25,22,70,3,20,12,15,1,0,0,0,1,0,0,0,0,0,0,0,0,0,0,1
26,31,80,2,18,8,21,0,1,0,0,0,1,0,0,0,0,0,0,1,0,0,0
27,27,55,1,9,2,11,0,0,1,0,0,0,1,0,0,0,0,0,0,1,0,0
28,25,160,6,85,19,32,1,0,0,1,0,0,0,0,0,0,1,0,0,0,0,0
29,30,90,4,38,17,24,0,1,0,0,1,0,0,0,0,0,0,1,0,0,0,0
30,26,45,1,6,3,10,0,0,1,0,0,1,0,0,0,0,0,0,0,0,0,1
31,34,65,2,13,4,14,1,0,0,0,0,0,1,0,0,0,0,0,0,0,1,0
32,28,145,5,75,20,35,0,1,0,1,0,0,0,0,0,0,1,0,0,0,0,0
33,23,70,3,27,11,18,0,0,1,0,1,0,0,0,0,0,0,0,1,0,0,0
34,21,130,6,88,15,30,1,0,0,1,0,0,0,0,0,0,0,0,0,0,0,1
35,29,65,2,22,8,20,0,1,0,0,0,1,0,0,0,0,0,0,0,1,0,0
36,24,55,1,10,5,11,0,0,1,0,0,0,1,0,0,0,0,0,0,0,1,0
37,33,170,7,90,25,40,1,0,0,1,0,0,0,0,0,0,1,0,0,0,0,0
38,27,85,4,35,15,20,0,1,0,0,1,0,0,0,0,0,0,1,0,0,0,0
39,22,115,3,55,12,25,1,0,0,1,0,0,0,0,0,0,0,0,1,0,0,0
40,28,100,2,18,10,22,0,0,1,0,0,1,0,0,0,0,0,0,0,1,0,0
41,31,45,1,6,2,9,0,1,0,0,0,0,1,0,0,0,0,0,0,0,0,1
42,25,150,6,80,18,30,1,0,0,1,0,0,0,0,0,0,1,0,0,0,0,0
43,29,95,4,40,20,22,0,1,0,0,1,0,0,0,0,0,0,1,0,0,0,0
44,23,105,2,20,8,18,0,0,1,0,0,1,0,0,0,0,0,0,1,0,0,0
45,35,60,1,12,5,14,1,0,0,0,0,0,1,0,0,0,0,0,0,0,1,0
46,30,175,7,85,23,38,0,1,0,1,0,0,0,0,0,0,1,0,0,0,0,0
47,21,90,3,33,12,20,1,0,0,0,1,0,0,0,0,0,0,0,0,0,0,1
48,26,75,2,28,11,18,0,0,1,0,0,1,0,0,0,0,0,0,0,1,0,0
49,32,130,5,70,19,31,0,1,0,1,0,0,0,0,0,0,0,0,1,0,0,0
50,28,55,1,8,4,10,1,0,0,0,0,0,1,0,0,0,0,0,0,0,1,0
51,27,165,6,78,22,27,0,1,0,1,0,0,0,0,0,0,1,0,0,0,0,0
52,24,75,3,29,15,19,1,0,0,0,1,0,0,0,0,0,0,1,0,0,0,0
53,29,85,2,25,7,20,0,0,1,0,0,1,0,0,0,0,0,0,1,0,0,0
54,33,145,4,60,18,35,1,0,0,1,0,0,0,0,0,0,0,0,0,0,0,1
55,31,60,1,10,3,17,0,1,0,0,0,0,1,0,0,0,0,0,0,1,0,0
56,22,70,2,40,8,21,1,0,0,0,0,0,0,1,0,0,0,0,0,1,0,0
57,25,90,3,20,10,22,0,1,0,0,0,0,0,0,1,0,0,0,0,0,1,0
58,29,50,2,15,5,18,0,0,1,0,0,0,0,0,0,1,0,0,0,0,0,1
59,28,95,4,45,20,25,1,0,0,0,1,0,0,0,0,0,1,0,0,0,0,0
60,27,60,1,10,4,15,0,1,0,0,0,1,0,0,0,0,0,0,0,0,1,0
61,30,175,6,70,23,33,1,0,0,1,0,0,0,0,0,0,1,0,0,0,0,0
62,23,70,3,20,8,18,0,1,0,0,0,0,0,1,0,0,0,1,0,0,0,0
63,34,80,2,18,7,20,0,0,1,0,0,0,0,0,1,0,0,0,1,0,0,0
64,26,120,4,50,15,30,1,0,0,0,0,0,0,0,0,1,0,0,0,1,0,0
65,25,90,6,40,12,26,0,1,0,0,1,0,0,0,0,0,0,0,0,0,0,1
66,29,60,1,8,2,12,0,0,1,0,0,1,0,0,0,0,0,0,0,0,1,0
67,28,165,5,75,18,35,0,1,0,1,0,0,0,0,0,0,1,0,0,0,0,0
68,31,65,2,25,8,20,1,0,0,0,0,0,0,1,0,0,0,0,1,0,0,0
69,27,105,3,45,15,28,0,1,0,0,0,0,0,0,1,0,0,0,0,1,0,0
70,22,75,2,18,6,20,0,0,1,0,0,0,0,0,0,1,0,0,0,0,0,1
71,24,140,4,60,18,30,1,0,0,1,0,0,0,0,0,0,1,0,0,0,0,0
72,35,70,1,12,7,10,0,1,0,0,1,0,0,0,0,0,0,0,0,0,1,0
73,21,55,3,15,5,12,0,0,1,0,0,1,0,0,0,0,0,0,1,0,0,0
74,29,90,2,20,9,22,1,0,0,0,0,0,0,1,0,0,0,1,0,0,0,0
75,25,80,4,28,11,25,0,1,0,0,0,0,0,0,1,0,0,0,1,0,0,0
76,28,115,3,36,12,27,0,0,1,0,0,0,0,0,0,1,0,0,0,1,0,0
77,32,155,6,72,20,38,1,0,0,1,0,0,0,0,0,0,1,0,0,0,0,0
78,26,75,2,22,10,18,0,1,0,0,1,0,0,0,0,0,0,0,0,0,0,1
79,33,65,1,12,5,14,0,0,1,0,0,1,0,0,0,0,0,0,0,1,0,0
80,27,90,4,35,14,20,1,0,0,0,0,0,0,1,0,0,0,0,1,0,0,0
81,31,50,2,18,6,12,0,1,0,0,0,0,0,0,1,0,0,0,0,0,0,1
82,24,85,3,30,13,18,0,0,1,0,0,0,0,0,0,1,1,0,0,0,0,0
83,34,120,5,55,19,25,1,0,0,1,0,0,0,0,0,0,0,1,0,0,0,0
84,22,70,1,20,5,22,0,1,0,0,1,0,0,0,0,0,0,0,1,0,0,0
85,29,75,2,18,8,20,0,0,1,0,0,1,0,0,0,0,0,0,0,0,1,0
86,28,100,4,35,12,26,1,0,0,0,0,0,0,1,0,0,0,0,0,1,0,0
87,31,85,3,40,15,28,0,1,0,0,0,0,0,0,1,0,0,0,0,0,0,1
88,21,60,1,15,5,12,0,0,1,0,0,0,0,0,0,1,0,0,1,0,0,0
89,25,170,6,78,22,33,1,0,0,1,0,0,0,0,0,0,1,0,0,0,0,0
90,30,70,2,28,10,20,0,1,0,0,1,0,0,0,0,0,0,0,0,1,0,0
91,27,50,1,8,2,10,0,0,1,0,0,1,0,0,0,0,0,0,0,0,1,0
92,32,105,4,50,18,25,1,0,0,0,0,0,0,1,0,0,0,1,0,0,0,0
93,24,75,3,33,13,22,0,1,0,0,0,0,0,0,1,0,0,0,1,0,0,0
94,29,95,2,20,7,28,1,0,0,0,0,0,0,0,0,1,0,0,0,0,0,1
95,26,150,5,65,20,30,0,1,0,1,0,0,0,0,0,0,0,0,0,1,0,0
96,33,85,4,30,13,18,0,0,1,0,1,0,0,0,0,0,0,0,0,0,1,0
97,22,70,1,12,5,10,1,0,0,0,0,1,0,0,0,0,0,0,1,0,0,0
98,35,110,3,45,20,25,0,1,0,0,0,0,0,1,0,0,1,0,0,0,0,0
99,28,60,2,15,6,18,0,0,1,0,0,0,0,0,1,0,0,1,0,0,0,0
100,27,120,4,38,13,22,1,0,0,0,0,0,0,0,0,1,0,0,1,0,0,0
101,25,120,5,50,20,25,1,0,0,1,0,0,0,0,0,0,1,0,0,0,0,0
102,30,90,4,30,20,22,0,1,0,0,1,0,0,0,0,0,0,1,0,0,0,0
103,22,60,2,20,10,15,0,0,1,0,0,1,0,0,0,0,0,0,1,0,0,0
104,28,200,8,110,40,45,1,0,0,1,0,0,0,0,0,0,0,0,0,1,0,0
105,33,45,1,10,5,12,0,1,0,0,0,0,1,0,0,0,0,0,0,0,1,0
106,21,150,5,65,25,30,0,1,0,1,0,0,0,0,0,0,1,0,0,0,0,0
107,27,85,3,40,18,20,1,0,0,0,1,0,0,0,0,0,0,1,0,0,0,0
108,24,110,6,35,16,25,0,0,1,0,0,1,0,0,0,0,0,0,0,0,0,1
109,29,55,2,15,5,10,1,0,0,0,0,0,1,0,0,0,0,0,1,0,0,0
110,31,170,7,90,35,40,0,1,0,1,0,0,0,0,0,0,1,0,0,0,0,0
111,23,75,4,45,20,25,1,0,0,0,1,0,0,0,0,0,0,0,0,1,0,0
112,26,95,3,30,14,18,0,0,1,0,0,1,0,0,0,0,0,0,0,0,0,1
113,34,65,1,14,6,15,0,1,0,0,0,0,1,0,0,0,0,0,0,0,1,0
114,22,180,8,100,38,45,1,0,0,1,0,0,0,0,0,0,1,0,0,0,0,0
115,28,100,6,50,30,29,0,1,0,0,1,0,0,0,0,0,0,1,0,0,0,0
116,21,40,1,10,4,12,0,0,1,0,0,1,0,0,0,0,0,0,1,0,0,0
117,35,125,5,65,22,28,1,0,0,1,0,0,0,0,0,0,0,0,0,1,0,0
118,27,90,3,40,16,24,0,1,0,0,1,0,0,0,0,0,0,0,0,0,0,1
119,23,50,1,12,6,12,0,0,1,0,0,0,1,0,0,0,0,0,1,0,0,0
120,32,140,6,75,28,30,1,0,0,1,0,0,0,0,0,0,1,0,0,0,0,0
121,26,75,2,30,14,20,0,1,0,0,0,1,0,0,0,0,0,0,0,1,0,0
122,24,105,4,35,20,23,1,0,0,0,1,0,0,0,0,0,0,1,0,0,0,0
123,29,60,2,17,8,15,0,1,0,0,0,0,1,0,0,0,0,0,0,0,1,0
124,33,190,8,105,36,50,0,0,1,1,0,0,0,0,0,0,1,0,0,0,0,0
125,22,70,3,25,16,15,1,0,0,0,1,0,0,0,0,0,0,0,0,0,0,1
126,31,80,2,20,10,20,0,1,0,0,0,1,0,0,0,0,0,0,1,0,0,0
127,27,55,1,12,5,11,0,0,1,0,0,0,1,0,0,0,0,0,0,1,0,0
128,25,160,6,85,26,30,1,0,0,1,0,0,0,0,0,0,1,0,0,0,0,0
129,30,90,4,43,19,24,0,1,0,0,1,0,0,0,0,0,0,1,0,0,0,0
130,26,45,1,8,4,12,0,0,1,0,0,1,0,0,0,0,0,0,0,0,0,1
131,34,65,2,17,5,14,1,0,0,0,0,0,1,0,0,0,0,0,0,0,1,0
132,28,145,7,80,30,35,0,1,0,1,0,0,0,0,0,0,1,0,0,0,0,0
133,23,70,3,30,14,18,0,0,1,0,1,0,0,0,0,0,0,0,1,0,0,0
134,21,130,6,95,22,28,1,0,0,1,0,0,0,0,0,0,0,0,0,0,0,1
135,29,65,2,27,11,22,0,1,0,0,0,1,0,0,0,0,0,0,0,1,0,0
136,24,55,1,11,6,11,0,0,1,0,0,0,1,0,0,0,0,0,0,0,1,0
137,33,170,7,95,30,38,1,0,0,1,0,0,0,0,0,0,1,0,0,0,0,0
138,27,85,4,45,18,24,0,1,0,0,1,0,0,0,0,0,0,1,0,0,0,0
139,22,115,3,60,17,30,1,0,0,1,0,0,0,0,0,0,0,0,1,0,0,0
140,28,100,2,22,12,25,0,0,1,0,0,1,0,0,0,0,0,0,0,1,0,0
141,31,45,1,9,4,10,0,1,0,0,0,0,1,0,0,0,0,0,0,0,0,1
142,25,150,6,90,26,30,1,0,0,1,0,0,0,0,0,0,1,0,0,0,0,0
143,29,95,4,50,22,22,0,1,0,0,1,0,0,0,0,0,0,1,0,0,0,0
144,23,105,2,25,12,18,0,0,1,0,0,1,0,0,0,0,0,0,1,0,0,0
145,35,60,1,15,7,14,1,0,0,0,0,0,1,0,0,0,0,0,0,0,1,0
146,30,175,7,100,33,38,0,1,0,1,0,0,0,0,0,0,1,0,0,0,0,0
147,21,90,3,37,14,20,1,0,0,0,1,0,0,0,0,0,0,0,0,0,0,1
148,26,75,2,30,12,18,0,0,1,0,0,1,0,0,0,0,0,0,0,1,0,0
149,32,130,5,80,28,31,0,1,0,1,0,0,0,0,0,0,0,0,1,0,0,0
150,28,55,1,12,6,10,1,0,0,0,0,0,1,0,0,0,0,0,0,0,1,0
151,27,165,6,85,30,28,0,1,0,1,0,0,0,0,0,0,1,0,0,0,0,0
152,24,75,3,33,18,19,1,0,0,0,1,0,0,0,0,0,0,1,0,0,0,0
153,29,85,2,27,9,20,0,0,1,0,0,1,0,0,0,0,0,0,1,0,0,0
154,33,145,4,65,23,35,1,0,0,1,0,0,0,0,0,0,0,0,0,0,0,1
155,31,60,1,15,7,17,0,1,0,0,0,0,1,0,0,0,0,0,0,1,0,0
156,22,70,2,42,10,21,1,0,0,0,0,0,0,1,0,0,0,0,0,1,0,0
157,25,90,3,22,11,22,0,1,0,0,0,0,0,0,1,0,0,0,0,0,1,0
158,29,50,2,18,7,18,0,0,1,0,0,0,0,0,0,1,0,0,0,0,0,1
159,28,95,4,48,22,25,1,0,0,0,1,0,0,0,0,0,1,0,0,0,0,0
160,27,60,1,12,5,15,0,1,0,0,0,1,0,0,0,0,0,0,0,0,1,0
161,30,175,6,72,30,33,1,0,0,1,0,0,0,0,0,0,1,0,0,0,0,0
162,23,70,3,22,10,18,0,1,0,0,0,0,0,1,0,0,0,1,0,0,0,0
163,34,80,2,21,8,20,0,0,1,0,0,0,0,0,1,0,0,0,1,0,0,0
164,26,120,4,55,18,30,1,0,0,0,0,0,0,0,0,1,0,0,0,1,0,0
165,25,90,6,42,14,26,0,1,0,0,1,0,0,0,0,0,0,0,0,0,0,1
166,29,60,1,12,4,12,0,0,1,0,0,1,0,0,0,0,0,0,0,0,1,0
167,28,165,5,78,23,35,0,1,0,1,0,0,0,0,0,0,1,0,0,0,0,0
168,31,65,2,27,10,20,1,0,0,0,0,0,0,1,0,0,0,0,1,0,0,0
169,27,105,3,48,20,28,0,1,0,0,0,0,0,0,1,0,0,0,0,1,0,0
170,22,75,2,21,8,20,0,0,1,0,0,0,0,0,0,1,0,0,0,0,0,1
171,24,140,4,65,22,30,1,0,0,1,0,0,0,0,0,0,1,0,0,0,0,0
172,35,70,1,13,8,10,0,1,0,0,1,0,0,0,0,0,0,0,0,0,1,0
173,21,55,3,17,7,12,0,0,1,0,0,1,0,0,0,0,0,0,1,0,0,0
174,29,90,2,24,12,22,1,0,0,0,0,0,0,1,0,0,0,1,0,0,0,0
175,25,80,4,30,13,25,0,1,0,0,0,0,0,0,1,0,0,0,1,0,0,0
176,28,115,3,38,18,27,0,0,1,0,0,0,0,0,0,1,0,0,0,1,0,0
177,32,155,6,75,25,38,1,0,0,1,0,0,0,0,0,0,1,0,0,0,0,0
178,26,75,2,23,12,18,0,1,0,0,1,0,0,0,0,0,0,0,0,0,0,1
179,33,65,1,13,7,14,0,0,1,0,0,1,0,0,0,0,0,0,0,1,0,0
180,27,90,4,37,18,20,1,0,0,0,0,0,0,1,0,0,0,0,1,0,0,0
181,31,50,2,20,10,12,0,1,0,0,0,0,0,0,1,0,0,0,0,0,0,1
182,24,85,3,33,20,18,0,0,1,0,0,0,0,0,0,1,1,0,0,0,0,0
183,34,120,5,60,25,25,1,0,0,1,0,0,0,0,0,0,0,1,0,0,0,0
184,22,70,1,22,7,22,0,1,0,0,1,0,0,0,0,0,0,0,1,0,0,0
185,29,75,2,20,8,20,0,0,1,0,0,1,0,0,0,0,0,0,0,0,1,0
186,28,100,4,37,14,26,1,0,0,0,0,0,0,1,0,0,0,0,0,1,0,0
187,31,85,3,45,20,28,0,1,0,0,0,0,0,0,1,0,0,0,0,0,0,1
188,21,60,1,18,7,12,0,0,1,0,0,0,0,0,0,1,0,0,1,0,0,0
189,25,170,6,83,30,33,1,0,0,1,0,0,0,0,0,0,1,0,0,0,0,0
190,30,70,2,30,12,20,0,1,0,0,1,0,0,0,0,0,0,0,0,1,0,0
191,27,50,1,10,4,10,0,0,1,0,0,1,0,0,0,0,0,0,0,0,1,0
192,32,105,4,55,25,25,1,0,0,0,0,0,0,1,0,0,0,1,0,0,0,0
193,24,75,3,37,16,22,0,1,0,0,0,0,0,0,1,0,0,0,1,0,0,0
194,29,95,2,23,10,28,1,0,0,0,0,0,0,0,0,1,0,0,0,0,0,1
195,26,150,5,70,25,30,0,1,0,1,0,0,0,0,0,0,0,0,0,1,0,0
196,33,85,4,35,18,18,0,0,1,0,1,0,0,0,0,0,0,0,0,0,1,0
197,22,70,1,14,6,10,1,0,0,0,0,1,0,0,0,0,0,0,1,0,0,0
198,35,110,3,50,25,25,0,1,0,0,0,0,0,1,0,0,1,0,0,0,0,0
199,28,60,2,18,8,18,0,0,1,0,0,0,0,0,1,0,0,1,0,0,0,0
200,27,120,4,40,18,22,1,0,0,0,0,0,0,0,0,1,0,0,1,0,0,0
201,25,120,5,50,20,25,1,0,0,1,0,0,0,0,0,0,1,0,0,0,0,0
202,30,90,4,30,20,22,0,1,0,0,1,0,0,0,0,0,0,1,0,0,0,0
203,22,60,2,20,10,15,0,0,1,0,0,1,0,0,0,0,0,0,1,0,0,0
204,28,200,8,110,40,45,1,0,0,1,0,0,0,0,0,0,0,0,0,1,0,0
205,33,45,1,10,5,12,0,1,0,0,0,0,1,0,0,0,0,0,0,0,1,0
206,21,150,5,65,25,30,0,1,0,1,0,0,0,0,0,0,1,0,0,0,0,0
207,27,85,3,40,18,20,1,0,0,0,1,0,0,0,0,0,0,1,0,0,0,0
208,24,110,6,35,16,25,0,0,1,0,0,1,0,0,0,0,0,0,0,0,0,1
209,29,55,2,15,5,10,1,0,0,0,0,0,1,0,0,0,0,0,1,0,0,0
210,31,170,7,90,35,40,0,1,0,1,0,0,0,0,0,0,1,0,0,0,0,0
211,23,75,4,45,20,25,1,0,0,0,1,0,0,0,0,0,0,0,0,1,0,0
212,26,95,3,30,14,18,0,0,1,0,0,1,0,0,0,0,0,0,0,0,0,1
213,34,65,1,14,6,15,0,1,0,0,0,0,1,0,0,0,0,0,0,0,1,0
214,22,180,8,100,38,45,1,0,0,1,0,0,0,0,0,0,1,0,0,0,0,0
215,28,100,6,50,30,29,0,1,0,0,1,0,0,0,0,0,0,1,0,0,0,0
216,21,40,1,10,4,12,0,0,1,0,0,1,0,0,0,0,0,0,1,0,0,0
217,35,125,5,65,22,28,1,0,0,1,0,0,0,0,0,0,0,0,0,1,0,0
218,27,90,3,40,16,24,0,1,0,0,1,0,0,0,0,0,0,0,0,0,0,1
219,23,50,1,12,6,12,0,0,1,0,0,0,1,0,0,0,0,0,1,0,0,0
220,32,140,6,75,28,30,1,0,0,1,0,0,0,0,0,0,1,0,0,0,0,0
221,26,75,2,30,14,20,0,1,0,0,0,1,0,0,0,0,0,0,0,1,0,0
222,24,105,4,35,20,23,1,0,0,0,1,0,0,0,0,0,0,1,0,0,0,0
223,29,60,2,17,8,15,0,1,0,0,0,0,1,0,0,0,0,0,0,0,1,0
224,33,190,8,105,36,50,0,0,1,1,0,0,0,0,0,0,1,0,0,0,0,0
225,22,70,3,25,16,15,1,0,0,0,1,0,0,0,0,0,0,0,0,0,0,1
226,31,80,2,20,10,20,0,1,0,0,0,1,0,0,0,0,0,0,1,0,0,0
227,27,55,1,12,5,11,0,0,1,0,0,0,1,0,0,0,0,0,0,1,0,0
228,25,160,6,85,26,30,1,0,0,1,0,0,0,0,0,0,1,0,0,0,0,0
229,30,90,4,43,19,24,0,1,0,0,1,0,0,0,0,0,0,1,0,0,0,0
230,26,45,1,8,4,12,0,0,1,0,0,1,0,0,0,0,0,0,0,0,0,1
231,34,65,2,17,5,14,1,0,0,0,0,0,1,0,0,0,0,0,0,0,1,0
232,28,145,7,80,30,35,0,1,0,1,0,0,0,0,0,0,1,0,0,0,0,0
233,23,70,3,30,14,18,0,0,1,0,1,0,0,0,0,0,0,0,1,0,0,0
234,21,130,6,95,22,28,1,0,0,1,0,0,0,0,0,0,0,0,0,0,0,1
235,29,65,2,27,11,22,0,1,0,0,0,1,0,0,0,0,0,0,0,1,0,0
236,24,55,1,11,6,11,0,0,1,0,0,0,1,0,0,0,0,0,0,0,1,0
237,33,170,7,95,30,38,1,0,0,1,0,0,0,0,0,0,1,0,0,0,0,0
238,27,85,4,45,18,24,0,1,0,0,1,0,0,0,0,0,0,1,0,0,0,0
239,22,115,3,60,17,30,1,0,0,1,0,0,0,0,0,0,0,0,1,0,0,0
240,28,100,2,22,12,25,0,0,1,0,0,1,0,0,0,0,0,0,0,1,0,0
241,31,45,1,9,4,10,0,1,0,0,0,0,1,0,0,0,0,0,0,0,0,1
242,25,150,6,90,26,30,1,0,0,1,0,0,0,0,0,0,1,0,0,0,0,0
243,29,95,4,50,22,22,0,1,0,0,1,0,0,0,0,0,0,1,0,0,0,0
244,23,105,2,25,12,18,0,0,1,0,0,1,0,0,0,0,0,0,1,0,0,0
245,35,60,1,15,7,14,1,0,0,0,0,0,1,0,0,0,0,0,0,0,1,0
246,30,175,7,100,33,38,0,1,0,1,0,0,0,0,0,0,1,0,0,0,0,0
247,21,90,3,37,14,20,1,0,0,0,1,0,0,0,0,0,0,0,0,0,0,1
248,26,75,2,30,12,18,0,0,1,0,0,1,0,0,0,0,0,0,0,1,0,0
249,32,130,5,80,28,31,0,1,0,1,0,0,0,0,0,0,0,0,1,0,0,0
250,28,55,1,12,6,10,1,0,0,0,0,0,1,0,0,0,0,0,0,0,1,0
251,27,165,6,85,30,28,0,1,0,1,0,0,0,0,0,0,1,0,0,0,0,0
252,24,75,3,33,18,19,1,0,0,0,1,0,0,0,0,0,0,1,0,0,0,0
253,29,85,2,27,9,20,0,0,1,0,0,1,0,0,0,0,0,0,1,0,0,0
254,33,145,4,65,23,35,1,0,0,1,0,0,0,0,0,0,0,0,0,0,0,1
255,31,60,1,15,7,17,0,1,0,0,0,0,1,0,0,0,0,0,0,1,0,0
256,22,70,2,42,10,21,1,0,0,0,0,0,0,1,0,0,0,0,0,1,0,0
257,25,90,3,22,11,22,0,1,0,0,0,0,0,0,1,0,0,0,0,0,1,0
258,29,50,2,18,7,18,0,0,1,0,0,0,0,0,0,1,0,0,0,0,0,1
259,28,95,4,48,22,25,1,0,0,0,1,0,0,0,0,0,1,0,0,0,0,0
260,27,60,1,12,5,15,0,1,0,0,0,1,0,0,0,0,0,0,0,0,1,0
261,30,175,6,72,30,33,1,0,0,1,0,0,0,0,0,0,1,0,0,0,0,0
262,23,70,3,22,10,18,0,1,0,0,0,0,0,1,0,0,0,1,0,0,0,0
263,34,80,2,21,8,20,0,0,1,0,0,0,0,0,1,0,0,0,1,0,0,0
264,26,120,4,55,18,30,1,0,0,0,0,0,0,0,0,1,0,0,0,1,0,0
265,25,90,6,42,14,26,0,1,0,0,1,0,0,0,0,0,0,0,0,0,0,1
266,29,60,1,12,4,12,0,0,1,0,0,1,0,0,0,0,0,0,0,0,1,0
267,28,165,5,78,23,35,0,1,0,1,0,0,0,0,0,0,1,0,0,0,0,0
268,31,65,2,27,10,20,1,0,0,0,0,0,0,1,0,0,0,0,1,0,0,0
269,27,105,3,48,20,28,0,1,0,0,0,0,0,0,1,0,0,0,0,1,0,0
270,22,75,2,21,8,20,0,0,1,0,0,0,0,0,0,1,0,0,0,0,0,1
271,24,140,4,65,22,30,1,0,0,1,0,0,0,0,0,0,1,0,0,0,0,0
272,35,70,1,13,8,10,0,1,0,0,1,0,0,0,0,0,0,0,0,0,1,0
273,21,55,3,17,7,12,0,0,1,0,0,1,0,0,0,0,0,0,1,0,0,0
274,29,90,2,24,12,22,1,0,0,0,0,0,0,1,0,0,0,1,0,0,0,0
275,25,80,4,30,13,25,0,1,0,0,0,0,0,0,1,0,0,0,1,0,0,0
276,28,115,3,38,18,27,0,0,1,0,0,0,0,0,0,1,0,0,0,1,0,0
277,32,155,6,75,25,38,1,0,0,1,0,0,0,0,0,0,1,0,0,0,0,0
278,26,75,2,23,12,18,0,1,0,0,1,0,0,0,0,0,0,0,0,0,0,1
279,33,65,1,13,7,14,0,0,1,0,0,1,0,0,0,0,0,0,0,1,0,0
280,27,90,4,37,18,20,1,0,0,0,0,0,0,1,0,0,0,0,1,0,0,0
281,31,50,2,20,10,12,0,1,0,0,0,0,0,0,1,0,0,0,0,0,0,1
282,24,85,3,33,20,18,0,0,1,0,0,0,0,0,0,1,1,0,0,0,0,0
283,34,120,5,60,25,25,1,0,0,1,0,0,0,0,0,0,0,1,0,0,0,0
284,22,70,1,22,7,22,0,1,0,0,1,0,0,0,0,0,0,0,1,0,0,0
285,29,75,2,20,8,20,0,0,1,0,0,1,0,0,0,0,0,0,0,0,1,0
286,28,100,4,37,14,26,1,0,0,0,0,0,0,1,0,0,0,0,0,1,0,0
287,31,85,3,45,20,28,0,1,0,0,0,0,0,0,1,0,0,0,0,0,0,1
288,21,60,1,18,7,12,0,0,1,0,0,0,0,0,0,1,0,0,1,0,0,0
289,25,170,6,83,30,33,1,0,0,1,0,0,0,0,0,0,1,0,0,0,0,0
290,30,70,2,30,12,20,0,1,0,0,1,0,0,0,0,0,0,0,0,1,0,0
291,27,50,1,10,4,10,0,0,1,0,0,1,0,0,0,0,0,0,0,0,1,0
292,32,105,4,55,25,25,1,0,0,0,0,0,0,1,0,0,0,1,0,0,0,0
293,24,75,3,37,16,22,0,1,0,0,0,0,0,0,1,0,0,0,1,0,0,0
294,29,95,2,23,10,28,1,0,0,0,0,0,0,0,0,1,0,0,0,0,0,1
295,26,150,5,70,25,30,0,1,0,1,0,0,0,0,0,0,0,0,0,1,0,0
296,33,85,4,35,18,18,0,0,1,0,1,0,0,0,0,0,0,0,0,0,1,0
297,22,70,1,14,6,10,1,0,0,0,0,1,0,0,0,0,0,0,1,0,0,0
298,35,110,3,50,25,25,0,1,0,0,0,0,0,1,0,0,1,0,0,0,0,0
299,28,60,2,18,8,18,0,0,1,0,0,0,0,0,1,0,0,1,0,0,0,0
300,27,120,4,40,18,22,1,0,0,0,0,0,0,0,0,1,0,0,1,0,0,0
301,25,120,5,50,20,25,1,0,0,1,0,0,0,0,0,0,1,0,0,0,0,0
302,30,90,4,30,20,22,0,1,0,0,1,0,0,0,0,0,0,1,0,0,0,0
303,22,60,2,20,10,15,0,0,1,0,0,1,0,0,0,0,0,0,1,0,0,0
304,28,200,8,110,40,45,1,0,0,1,0,0,0,0,0,0,0,0,0,1,0,0
305,33,45,1,10,5,12,0,1,0,0,0,0,1,0,0,0,0,0,0,0,1,0
306,21,150,5,65,25,30,0,1,0,1,0,0,0,0,0,0,1,0,0,0,0,0
307,27,85,3,40,18,20,1,0,0,0,1,0,0,0,0,0,0,1,0,0,0,0
308,24,110,6,35,16,25,0,0,1,0,0,1,0,0,0,0,0,0,0,0,0,1
309,29,55,2,15,5,10,1,0,0,0,0,0,1,0,0,0,0,0,1,0,0,0
310,31,170,7,90,35,40,0,1,0,1,0,0,0,0,0,0,1,0,0,0,0,0
311,23,75,4,45,20,25,1,0,0,0,1,0,0,0,0,0,0,0,0,1,0,0
312,26,95,3,30,14,18,0,0,1,0,0,1,0,0,0,0,0,0,0,0,0,1
313,34,65,1,14,6,15,0,1,0,0,0,0,1,0,0,0,0,0,0,0,1,0
314,22,180,8,100,38,45,1,0,0,1,0,0,0,0,0,0,1,0,0,0,0,0
315,28,100,6,50,30,29,0,1,0,0,1,0,0,0,0,0,0,1,0,0,0,0
316,21,40,1,10,4,12,0,0,1,0,0,1,0,0,0,0,0,0,1,0,0,0
317,35,125,5,65,22,28,1,0,0,1,0,0,0,0,0,0,0,0,0,1,0,0
318,27,90,3,40,16,24,0,1,0,0,1,0,0,0,0,0,0,0,0,0,0,1
319,23,50,1,12,6,12,0,0,1,0,0,0,1,0,0,0,0,0,1,0,0,0
320,32,140,6,75,28,30,1,0,0,1,0,0,0,0,0,0,1,0,0,0,0,0
321,26,75,2,30,14,20,0,1,0,0,0,1,0,0,0,0,0,0,0,1,0,0
322,24,105,4,35,20,23,1,0,0,0,1,0,0,0,0,0,0,1,0,0,0,0
323,29,60,2,17,8,15,0,1,0,0,0,0,1,0,0,0,0,0,0,0,1,0
324,33,190,8,105,36,50,0,0,1,1,0,0,0,0,0,0,1,0,0,0,0,0
325,22,70,3,25,16,15,1,0,0,0,1,0,0,0,0,0,0,0,0,0,0,1
326,31,80,2,20,10,20,0,1,0,0,0,1,0,0,0,0,0,0,1,0,0,0
327,27,55,1,12,5,11,0,0,1,0,0,0,1,0,0,0,0,0,0,1,0,0
328,25,160,6,85,26,30,1,0,0,1,0,0,0,0,0,0,1,0,0,0,0,0
329,30,90,4,43,19,24,0,1,0,0,1,0,0,0,0,0,0,1,0,0,0,0
330,26,45,1,8,4,12,0,0,1,0,0,1,0,0,0,0,0,0,0,0,0,1
331,34,65,2,17,5,14,1,0,0,0,0,0,1,0,0,0,0,0,0,0,1,0
332,28,145,7,80,30,35,0,1,0,1,0,0,0,0,0,0,1,0,0,0,0,0
333,23,70,3,30,14,18,0,0,1,0,1,0,0,0,0,0,0,0,1,0,0,0
334,21,130,6,95,22,28,1,0,0,1,0,0,0,0,0,0,0,0,0,0,0,1
335,29,65,2,27,11,22,0,1,0,0,0,1,0,0,0,0,0,0,0,1,0,0
336,24,55,1,11,6,11,0,0,1,0,0,0,1,0,0,0,0,0,0,0,1,0
337,33,170,7,95,30,38,1,0,0,1,0,0,0,0,0,0,1,0,0,0,0,0
338,27,85,4,45,18,24,0,1,0,0,1,0,0,0,0,0,0,1,0,0,0,0
339,22,115,3,60,17,30,1,0,0,1,0,0,0,0,0,0,0,0,1,0,0,0
340,28,100,2,22,12,25,0,0,1,0,0,1,0,0,0,0,0,0,0,1,0,0
341,31,45,1,9,4,10,0,1,0,0,0,0,1,0,0,0,0,0,0,0,0,1
342,25,150,6,90,26,30,1,0,0,1,0,0,0,0,0,0,1,0,0,0,0,0
343,29,95,4,50,22,22,0,1,0,0,1,0,0,0,0,0,0,1,0,0,0,0
344,23,105,2,25,12,18,0,0,1,0,0,1,0,0,0,0,0,0,1,0,0,0
345,35,60,1,15,7,14,1,0,0,0,0,0,1,0,0,0,0,0,0,0,1,0
346,30,175,7,100,33,38,0,1,0,1,0,0,0,0,0,0,1,0,0,0,0,0
347,21,90,3,37,14,20,1,0,0,0,1,0,0,0,0,0,0,0,0,0,0,1
348,26,75,2,30,12,18,0,0,1,0,0,1,0,0,0,0,0,0,0,1,0,0
349,32,130,5,80,28,31,0,1,0,1,0,0,0,0,0,0,0,0,1,0,0,0
350,28,55,1,12,6,10,1,0,0,0,0,0,1,0,0,0,0,0,0,0,1,0
351,27,165,6,85,30,28,0,1,0,1,0,0,0,0,0,0,1,0,0,0,0,0
352,24,75,3,33,18,19,1,0,0,0,1,0,0,0,0,0,0,1,0,0,0,0
353,29,85,2,27,9,20,0,0,1,0,0,1,0,0,0,0,0,0,1,0,0,0
354,33,145,4,65,23,35,1,0,0,1,0,0,0,0,0,0,0,0,0,0,0,1
355,31,60,1,15,7,17,0,1,0,0,0,0,1,0,0,0,0,0,0,1,0,0
356,22,70,2,42,10,21,1,0,0,0,0,0,0,1,0,0,0,0,0,1,0,0
357,25,90,3,22,11,22,0,1,0,0,0,0,0,0,1,0,0,0,0,0,1,0
358,29,50,2,18,7,18,0,0,1,0,0,0,0,0,0,1,0,0,0,0,0,1
359,28,95,4,48,22,25,1,0,0,0,1,0,0,0,0,0,1,0,0,0,0,0
360,27,60,1,12,5,15,0,1,0,0,0,1,0,0,0,0,0,0,0,0,1,0
361,30,175,6,72,30,33,1,0,0,1,0,0,0,0,0,0,1,0,0,0,0,0
362,23,70,3,22,10,18,0,1,0,0,0,0,0,1,0,0,0,1,0,0,0,0
363,34,80,2,21,8,20,0,0,1,0,0,0,0,0,1,0,0,0,1,0,0,0
364,26,120,4,55,18,30,1,0,0,0,0,0,0,0,0,1,0,0,0,1,0,0
365,25,90,6,42,14,26,0,1,0,0,1,0,0,0,0,0,0,0,0,0,0,1
366,29,60,1,12,4,12,0,0,1,0,0,1,0,0,0,0,0,0,0,0,1,0
367,28,165,5,78,23,35,0,1,0,1,0,0,0,0,0,0,1,0,0,0,0,0
368,31,65,2,27,10,20,1,0,0,0,0,0,0,1,0,0,0,0,1,0,0,0
369,27,105,3,48,20,28,0,1,0,0,0,0,0,0,1,0,0,0,0,1,0,0
370,22,75,2,21,8,20,0,0,1,0,0,0,0,0,0,1,0,0,0,0,0,1
371,24,140,4,65,22,30,1,0,0,1,0,0,0,0,0,0,1,0,0,0,0,0
372,35,70,1,13,8,10,0,1,0,0,1,0,0,0,0,0,0,0,0,0,1,0
373,21,55,3,17,7,12,0,0,1,0,0,1,0,0,0,0,0,0,1,0,0,0
374,29,90,2,24,12,22,1,0,0,0,0,0,0,1,0,0,0,1,0,0,0,0
375,25,80,4,30,13,25,0,1,0,0,0,0,0,0,1,0,0,0,1,0,0,0
376,28,115,3,38,18,27,0,0,1,0,0,0,0,0,0,1,0,0,0,1,0,0
377,32,155,6,75,25,38,1,0,0,1,0,0,0,0,0,0,1,0,0,0,0,0
378,26,75,2,23,12,18,0,1,0,0,1,0,0,0,0,0,0,0,0,0,0,1
379,33,65,1,13,7,14,0,0,1,0,0,1,0,0,0,0,0,0,0,1,0,0
380,27,90,4,37,18,20,1,0,0,0,0,0,0,1,0,0,0,0,1,0,0,0
381,31,50,2,20,10,12,0,1,0,0,0,0,0,0,1,0,0,0,0,0,0,1
382,24,85,3,33,20,18,0,0,1,0,0,0,0,0,0,1,1,0,0,0,0,0
383,34,120,5,60,25,25,1,0,0,1,0,0,0,0,0,0,0,1,0,0,0,0
384,22,70,1,22,7,22,0,1,0,0,1,0,0,0,0,0,0,0,1,0,0,0
385,29,75,2,20,8,20,0,0,1,0,0,1,0,0,0,0,0,0,0,0,1,0
386,28,100,4,37,14,26,1,0,0,0,0,0,0,1,0,0,0,0,0,1,0,0
387,31,85,3,45,20,28,0,1,0,0,0,0,0,0,1,0,0,0,0,0,0,1
388,21,60,1,18,7,12,0,0,1,0,0,0,0,0,0,1,0,0,1,0,0,0
389,25,170,6,83,30,33,1,0,0,1,0,0,0,0,0,0,1,0,0,0,0,0
390,30,70,2,30,12,20,0,1,0,0,1,0,0,0,0,0,0,0,0,1,0,0
391,27,50,1,10,4,10,0,0,1,0,0,1,0,0,0,0,0,0,0,0,1,0
392,32,105,4,55,25,25,1,0,0,0,0,0,0,1,0,0,0,1,0,0,0,0
393,24,75,3,37,16,22,0,1,0,0,0,0,0,0,1,0,0,0,1,0,0,0
394,29,95,2,23,10,28,1,0,0,0,0,0,0,0,0,1,0,0,0,0,0,1
395,26,150,5,70,25,30,0,1,0,1,0,0,0,0,0,0,0,0,0,1,0,0
396,33,85,4,35,18,18,0,0,1,0,1,0,0,0,0,0,0,0,0,0,1,0
397,22,70,1,14,6,10,1,0,0,0,0,1,0,0,0,0,0,0,1,0,0,0
398,35,110,3,50,25,25,0,1,0,0,0,0,0,1,0,0,1,0,0,0,0,0
399,28,60,2,18,8,18,0,0,1,0,0,0,0,0,1,0,0,1,0,0,0,0
400,27,120,4,40,18,22,1,0,0,0,0,0,0,0,0,1,0,0,1,0,0,0
401,25,120,5,50,20,25,1,0,0,1,0,0,0,0,0,0,1,0,0,0,0,0
402,30,90,4,30,20,22,0,1,0,0,1,0,0,0,0,0,0,1,0,0,0,0
403,22,60,2,20,10,15,0,0,1,0,0,1,0,0,0,0,0,0,1,0,0,0
404,28,200,8,110,40,45,1,0,0,1,0,0,0,0,0,0,0,0,0,1,0,0
405,33,45,1,10,5,12,0,1,0,0,0,0,1,0,0,0,0,0,0,0,1,0
406,21,150,5,65,25,30,0,1,0,1,0,0,0,0,0,0,1,0,0,0,0,0
407,27,85,3,40,18,20,1,0,0,0,1,0,0,0,0,0,0,1,0,0,0,0
408,24,110,6,35,16,25,0,0,1,0,0,1,0,0,0,0,0,0,0,0,0,1
409,29,55,2,15,5,10,1,0,0,0,0,0,1,0,0,0,0,0,1,0,0,0
410,31,170,7,90,35,40,0,1,0,1,0,0,0,0,0,0,1,0,0,0,0,0
411,23,75,4,45,20,25,1,0,0,0,1,0,0,0,0,0,0,0,0,1,0,0
412,26,95,3,30,14,18,0,0,1,0,0,1,0,0,0,0,0,0,0,0,0,1
413,34,65,1,14,6,15,0,1,0,0,0,0,1,0,0,0,0,0,0,0,1,0
414,22,180,8,100,38,45,1,0,0,1,0,0,0,0,0,0,1,0,0,0,0,0
415,28,100,6,50,30,29,0,1,0,0,1,0,0,0,0,0,0,1,0,0,0,0
416,21,40,1,10,4,12,0,0,1,0,0,1,0,0,0,0,0,0,1,0,0,0
417,35,125,5,65,22,28,1,0,0,1,0,0,0,0,0,0,0,0,0,1,0,0
418,27,90,3,40,16,24,0,1,0,0,1,0,0,0,0,0,0,0,0,0,0,1
419,23,50,1,12,6,12,0,0,1,0,0,0,1,0,0,0,0,0,1,0,0,0
420,32,140,6,75,28,30,1,0,0,1,0,0,0,0,0,0,1,0,0,0,0,0
421,26,75,2,30,14,20,0,1,0,0,0,1,0,0,0,0,0,0,0,1,0,0
422,24,105,4,35,20,23,1,0,0,0,1,0,0,0,0,0,0,1,0,0,0,0
423,29,60,2,17,8,15,0,1,0,0,0,0,1,0,0,0,0,0,0,0,1,0
424,33,190,8,105,36,50,0,0,1,1,0,0,0,0,0,0,1,0,0,0,0,0
425,22,70,3,25,16,15,1,0,0,0,1,0,0,0,0,0,0,0,0,0,0,1
426,31,80,2,20,10,20,0,1,0,0,0,1,0,0,0,0,0,0,1,0,0,0
427,27,55,1,12,5,11,0,0,1,0,0,0,1,0,0,0,0,0,0,1,0,0
428,25,160,6,85,26,30,1,0,0,1,0,0,0,0,0,0,1,0,0,0,0,0
429,30,90,4,43,19,24,0,1,0,0,1,0,0,0,0,0,0,1,0,0,0,0
430,26,45,1,8,4,12,0,0,1,0,0,1,0,0,0,0,0,0,0,0,0,1
431,34,65,2,17,5,14,1,0,0,0,0,0,1,0,0,0,0,0,0,0,1,0
432,28,145,7,80,30,35,0,1,0,1,0,0,0,0,0,0,1,0,0,0,0,0
433,23,70,3,30,14,18,0,0,1,0,1,0,0,0,0,0,0,0,1,0,0,0
434,21,130,6,95,22,28,1,0,0,1,0,0,0,0,0,0,0,0,0,0,0,1
435,29,65,2,27,11,22,0,1,0,0,0,1,0,0,0,0,0,0,0,1,0,0
436,24,55,1,11,6,11,0,0,1,0,0,0,1,0,0,0,0,0,0,0,1,0
437,33,170,7,95,30,38,1,0,0,1,0,0,0,0,0,0,1,0,0,0,0,0
438,27,85,4,45,18,24,0,1,0,0,1,0,0,0,0,0,0,1,0,0,0,0
439,22,115,3,60,17,30,1,0,0,1,0,0,0,0,0,0,0,0,1,0,0,0
440,28,100,2,22,12,25,0,0,1,0,0,1,0,0,0,0,0,0,0,1,0,0
441,31,45,1,9,4,10,0,1,0,0,0,0,1,0,0,0,0,0,0,0,0,1
442,25,150,6,90,26,30,1,0,0,1,0,0,0,0,0,0,1,0,0,0,0,0
443,29,95,4,50,22,22,0,1,0,0,1,0,0,0,0,0,0,1,0,0,0,0
444,23,105,2,25,12,18,0,0,1,0,0,1,0,0,0,0,0,0,1,0,0,0
445,35,60,1,15,7,14,1,0,0,0,0,0,1,0,0,0,0,0,0,0,1,0
446,30,175,7,100,33,38,0,1,0,1,0,0,0,0,0,0,1,0,0,0,0,0
447,21,90,3,37,14,20,1,0,0,0,1,0,0,0,0,0,0,0,0,0,0,1
448,26,75,2,30,12,18,0,0,1,0,0,1,0,0,0,0,0,0,0,1,0,0
449,32,130,5,80,28,31,0,1,0,1,0,0,0,0,0,0,0,0,1,0,0,0
450,28,55,1,12,6,10,1,0,0,0,0,0,1,0,0,0,0,0,0,0,1,0
451,27,165,6,85,30,28,0,1,0,1,0,0,0,0,0,0,1,0,0,0,0,0
452,24,75,3,33,18,19,1,0,0,0,1,0,0,0,0,0,0,1,0,0,0,0
453,29,85,2,27,9,20,0,0,1,0,0,1,0,0,0,0,0,0,1,0,0,0
454,33,145,4,65,23,35,1,0,0,1,0,0,0,0,0,0,0,0,0,0,0,1
455,31,60,1,15,7,17,0,1,0,0,0,0,1,0,0,0,0,0,0,1,0,0
456,22,70,2,42,10,21,1,0,0,0,0,0,0,1,0,0,0,0,0,1,0,0
457,25,90,3,22,11,22,0,1,0,0,0,0,0,0,1,0,0,0,0,0,1,0
458,29,50,2,18,7,18,0,0,1,0,0,0,0,0,0,1,0,0,0,0,0,1
459,28,95,4,48,22,25,1,0,0,0,1,0,0,0,0,0,1,0,0,0,0,0
460,27,60,1,12,5,15,0,1,0,0,0,1,0,0,0,0,0,0,0,0,1,0
461,30,175,6,72,30,33,1,0,0,1,0,0,0,0,0,0,1,0,0,0,0,0
462,23,70,3,22,10,18,0,1,0,0,0,0,0,1,0,0,0,1,0,0,0,0
463,34,80,2,21,8,20,0,0,1,0,0,0,0,0,1,0,0,0,1,0,0,0
464,26,120,4,55,18,30,1,0,0,0,0,0,0,0,0,1,0,0,0,1,0,0
465,25,90,6,42,14,26,0,1,0,0,1,0,0,0,0,0,0,0,0,0,0,1
466,29,60,1,12,4,12,0,0,1,0,0,1,0,0,0,0,0,0,0,0,1,0
467,28,165,5,78,23,35,0,1,0,1,0,0,0,0,0,0,1,0,0,0,0,0
468,31,65,2,27,10,20,1,0,0,0,0,0,0,1,0,0,0,0,1,0,0,0
469,27,105,3,48,20,28,0,1,0,0,0,0,0,0,1,0,0,0,0,1,0,0
470,22,75,2,21,8,20,0,0,1,0,0,0,0,0,0,1,0,0,0,0,0,1
471,24,140,4,65,22,30,1,0,0,1,0,0,0,0,0,0,1,0,0,0,0,0
472,35,70,1,13,8,10,0,1,0,0,1,0,0,0,0,0,0,0,0,0,1,0
473,21,55,3,17,7,12,0,0,1,0,0,1,0,0,0,0,0,0,1,0,0,0
474,29,90,2,24,12,22,1,0,0,0,0,0,0,1,0,0,0,1,0,0,0,0
475,25,80,4,30,13,25,0,1,0,0,0,0,0,0,1,0,0,0,1,0,0,0
476,28,115,3,38,18,27,0,0,1,0,0,0,0,0,0,1,0,0,0,1,0,0
477,32,155,6,75,25,38,1,0,0,1,0,0,0,0,0,0,1,0,0,0,0,0
478,26,75,2,23,12,18,0,1,0,0,1,0,0,0,0,0,0,0,0,0,0,1
479,33,65,1,13,7,14,0,0,1,0,0,1,0,0,0,0,0,0,0,1,0,0
480,27,90,4,37,18,20,1,0,0,0,0,0,0,1,0,0,0,0,1,0,0,0
481,31,50,2,20,10,12,0,1,0,0,0,0,0,0,1,0,0,0,0,0,0,1
482,24,85,3,33,20,18,0,0,1,0,0,0,0,0,0,1,1,0,0,0,0,0
483,34,120,5,60,25,25,1,0,0,1,0,0,0,0,0,0,0,1,0,0,0,0
484,22,70,1,22,7,22,0,1,0,0,1,0,0,0,0,0,0,0,1,0,0,0
485,29,75,2,20,8,20,0,0,1,0,0,1,0,0,0,0,0,0,0,0,1,0
486,28,100,4,37,14,26,1,0,0,0,0,0,0,1,0,0,0,0,0,1,0,0
487,31,85,3,45,20,28,0,1,0,0,0,0,0,0,1,0,0,0,0,0,0,1
488,21,60,1,18,7,12,0,0,1,0,0,0,0,0,0,1,0,0,1,0,0,0
489,25,170,6,83,30,33,1,0,0,1,0,0,0,0,0,0,1,0,0,0,0,0
490,30,70,2,30,12,20,0,1,0,0,1,0,0,0,0,0,0,0,0,1,0,0
491,27,50,1,10,4,10,0,0,1,0,0,1,0,0,0,0,0,0,0,0,1,0
492,32,105,4,55,25,25,1,0,0,0,0,0,0,1,0,0,0,1,0,0,0,0
493,24,75,3,37,16,22,0,1,0,0,0,0,0,0,1,0,0,0,1,0,0,0
494,29,95,2,23,10,28,1,0,0,0,0,0,0,0,0,1,0,0,0,0,0,1
495,26,150,5,70,25,30,0,1,0,1,0,0,0,0,0,0,0,0,0,1,0,0
496,33,85,4,35,18,18,0,0,1,0,1,0,0,0,0,0,0,0,0,0,1,0
497,22,70,1,14,6,10,1,0,0,0,0,1,0,0,0,0,0,0,1,0,0,0
498,35,110,3,50,25,25,0,1,0,0,0,0,0,1,0,0,1,0,0,0,0,0
499,28,60,2,18,8,18,0,0,1,0,0,0,0,0,1,0,0,1,0,0,0,0
500,27,120,4,40,18,22,1,0,0,0,0,0,0,0,0,1,0,0,1,0,0,0
501,25,120,5,50,20,25,1,0,0,1,0,0,0,0,0,0,1,0,0,0,0,0
502,30,90,4,30,20,22,0,1,0,0,1,0,0,0,0,0,0,1,0,0,0,0
503,22,60,2,20,10,15,0,0,1,0,0,1,0,0,0,0,0,0,1,0,0,0
504,28,200,8,110,40,45,1,0,0,1,0,0,0,0,0,0,0,0,0,1,0,0
505,33,45,1,10,5,12,0,1,0,0,0,0,1,0,0,0,0,0,0,0,1,0
506,21,150,5,65,25,30,0,1,0,1,0,0,0,0,0,0,1,0,0,0,0,0
507,27,85,3,40,18,20,1,0,0,0,1,0,0,0,0,0,0,1,0,0,0,0
508,24,110,6,35,16,25,0,0,1,0,0,1,0,0,0,0,0,0,0,0,0,1
509,29,55,2,15,5,10,1,0,0,0,0,0,1,0,0,0,0,0,1,0,0,0
510,31,170,7,90,35,40,0,1,0,1,0,0,0,0,0,0,1,0,0,0,0,0
511,23,75,4,45,20,25,1,0,0,0,1,0,0,0,0,0,0,0,0,1,0,0
512,26,95,3,30,14,18,0,0,1,0,0,1,0,0,0,0,0,0,0,0,0,1
513,34,65,1,14,6,15,0,1,0,0,0,0,1,0,0,0,0,0,0,0,1,0
514,22,180,8,100,38,45,1,0,0,1,0,0,0,0,0,0,1,0,0,0,0,0
515,28,100,6,50,30,29,0,1,0,0,1,0,0,0,0,0,0,1,0,0,0,0
516,21,40,1,10,4,12,0,0,1,0,0,1,0,0,0,0,0,0,1,0,0,0
517,35,125,5,65,22,28,1,0,0,1,0,0,0,0,0,0,0,0,0,1,0,0
518,27,90,3,40,16,24,0,1,0,0,1,0,0,0,0,0,0,0,0,0,0,1
519,23,50,1,12,6,12,0,0,1,0,0,0,1,0,0,0,0,0,1,0,0,0
520,32,140,6,75,28,30,1,0,0,1,0,0,0,0,0,0,1,0,0,0,0,0
521,26,75,2,30,14,20,0,1,0,0,0,1,0,0,0,0,0,0,0,1,0,0
522,24,105,4,35,20,23,1,0,0,0,1,0,0,0,0,0,0,1,0,0,0,0
523,29,60,2,17,8,15,0,1,0,0,0,0,1,0,0,0,0,0,0,0,1,0
524,33,190,8,105,36,50,0,0,1,1,0,0,0,0,0,0,1,0,0,0,0,0
525,22,70,3,25,16,15,1,0,0,0,1,0,0,0,0,0,0,0,0,0,0,1
526,31,80,2,20,10,20,0,1,0,0,0,1,0,0,0,0,0,0,1,0,0,0
527,27,55,1,12,5,11,0,0,1,0,0,0,1,0,0,0,0,0,0,1,0,0
528,25,160,6,85,26,30,1,0,0,1,0,0,0,0,0,0,1,0,0,0,0,0
529,30,90,4,43,19,24,0,1,0,0,1,0,0,0,0,0,0,1,0,0,0,0
530,26,45,1,8,4,12,0,0,1,0,0,1,0,0,0,0,0,0,0,0,0,1
531,34,65,2,17,5,14,1,0,0,0,0,0,1,0,0,0,0,0,0,0,1,0
532,28,145,7,80,30,35,0,1,0,1,0,0,0,0,0,0,1,0,0,0,0,0
533,23,70,3,30,14,18,0,0,1,0,1,0,0,0,0,0,0,0,1,0,0,0
534,21,130,6,95,22,28,1,0,0,1,0,0,0,0,0,0,0,0,0,0,0,1
535,29,65,2,27,11,22,0,1,0,0,0,1,0,0,0,0,0,0,0,1,0,0
536,24,55,1,11,6,11,0,0,1,0,0,0,1,0,0,0,0,0,0,0,1,0
537,33,170,7,95,30,38,1,0,0,1,0,0,0,0,0,0,1,0,0,0,0,0
538,27,85,4,45,18,24,0,1,0,0,1,0,0,0,0,0,0,1,0,0,0,0
539,22,115,3,60,17,30,1,0,0,1,0,0,0,0,0,0,0,0,1,0,0,0
540,28,100,2,22,12,25,0,0,1,0,0,1,0,0,0,0,0,0,0,1,0,0
541,31,45,1,9,4,10,0,1,0,0,0,0,1,0,0,0,0,0,0,0,0,1
542,25,150,6,90,26,30,1,0,0,1,0,0,0,0,0,0,1,0,0,0,0,0
543,29,95,4,50,22,22,0,1,0,0,1,0,0,0,0,0,0,1,0,0,0,0
544,23,105,2,25,12,18,0,0,1,0,0,1,0,0,0,0,0,0,1,0,0,0
545,35,60,1,15,7,14,1,0,0,0,0,0,1,0,0,0,0,0,0,0,1,0
546,30,175,7,100,33,38,0,1,0,1,0,0,0,0,0,0,1,0,0,0,0,0
547,21,90,3,37,14,20,1,0,0,0,1,0,0,0,0,0,0,0,0,0,0,1
548,26,75,2,30,12,18,0,0,1,0,0,1,0,0,0,0,0,0,0,1,0,0
549,32,130,5,80,28,31,0,1,0,1,0,0,0,0,0,0,0,0,1,0,0,0
550,28,55,1,12,6,10,1,0,0,0,0,0,1,0,0,0,0,0,0,0,1,0
551,27,165,6,85,30,28,0,1,0,1,0,0,0,0,0,0,1,0,0,0,0,0
552,24,75,3,33,18,19,1,0,0,0,1,0,0,0,0,0,0,1,0,0,0,0
553,29,85,2,27,9,20,0,0,1,0,0,1,0,0,0,0,0,0,1,0,0,0
554,33,145,4,65,23,35,1,0,0,1,0,0,0,0,0,0,0,0,0,0,0,1
555,31,60,1,15,7,17,0,1,0,0,0,0,1,0,0,0,0,0,0,1,0,0
556,22,70,2,42,10,21,1,0,0,0,0,0,0,1,0,0,0,0,0,1,0,0
557,25,90,3,22,11,22,0,1,0,0,0,0,0,0,1,0,0,0,0,0,1,0
558,29,50,2,18,7,18,0,0,1,0,0,0,0,0,0,1,0,0,0,0,0,1
559,28,95,4,48,22,25,1,0,0,0,1,0,0,0,0,0,1,0,0,0,0,0
560,27,60,1,12,5,15,0,1,0,0,0,1,0,0,0,0,0,0,0,0,1,0
561,30,175,6,72,30,33,1,0,0,1,0,0,0,0,0,0,1,0,0,0,0,0
562,23,70,3,22,10,18,0,1,0,0,0,0,0,1,0,0,0,1,0,0,0,0
563,34,80,2,21,8,20,0,0,1,0,0,0,0,0,1,0,0,0,1,0,0,0
564,26,120,4,55,18,30,1,0,0,0,0,0,0,0,0,1,0,0,0,1,0,0
565,25,90,6,42,14,26,0,1,0,0,1,0,0,0,0,0,0,0,0,0,0,1
566,29,60,1,12,4,12,0,0,1,0,0,1,0,0,0,0,0,0,0,0,1,0
567,28,165,5,78,23,35,0,1,0,1,0,0,0,0,0,0,1,0,0,0,0,0
568,31,65,2,27,10,20,1,0,0,0,0,0,0,1,0,0,0,0,1,0,0,0
569,27,105,3,48,20,28,0,1,0,0,0,0,0,0,1,0,0,0,0,1,0,0
570,22,75,2,21,8,20,0,0,1,0,0,0,0,0,0,1,0,0,0,0,0,1
571,24,140,4,65,22,30,1,0,0,1,0,0,0,0,0,0,1,0,0,0,0,0
572,35,70,1,13,8,10,0,1,0,0,1,0,0,0,0,0,0,0,0,0,1,0
573,21,55,3,17,7,12,0,0,1,0,0,1,0,0,0,0,0,0,1,0,0,0
574,29,90,2,24,12,22,1,0,0,0,0,0,0,1,0,0,0,1,0,0,0,0
575,25,80,4,30,13,25,0,1,0,0,0,0,0,0,1,0,0,0,1,0,0,0
576,28,115,3,38,18,27,0,0,1,0,0,0,0,0,0,1,0,0,0,1,0,0
577,32,155,6,75,25,38,1,0,0,1,0,0,0,0,0,0,1,0,0,0,0,0
578,26,75,2,23,12,18,0,1,0,0,1,0,0,0,0,0,0,0,0,0,0,1
579,33,65,1,13,7,14,0,0,1,0,0,1,0,0,0,0,0,0,0,1,0,0
580,27,90,4,37,18,20,1,0,0,0,0,0,0,1,0,0,0,0,1,0,0,0
581,31,50,2,20,10,12,0,1,0,0,0,0,0,0,1,0,0,0,0,0,0,1
582,24,85,3,33,20,18,0,0,1,0,0,0,0,0,0,1,1,0,0,0,0,0
583,34,120,5,60,25,25,1,0,0,1,0,0,0,0,0,0,0,1,0,0,0,0
584,22,70,1,22,7,22,0,1,0,0,1,0,0,0,0,0,0,0,1,0,0,0
585,29,75,2,20,8,20,0,0,1,0,0,1,0,0,0,0,0,0,0,0,1,0
586,28,100,4,37,14,26,1,0,0,0,0,0,0,1,0,0,0,0,0,1,0,0
587,31,85,3,45,20,28,0,1,0,0,0,0,0,0,1,0,0,0,0,0,0,1
588,21,60,1,18,7,12,0,0,1,0,0,0,0,0,0,1,0,0,1,0,0,0
589,25,170,6,83,30,33,1,0,0,1,0,0,0,0,0,0,1,0,0,0,0,0
590,30,70,2,30,12,20,0,1,0,0,1,0,0,0,0,0,0,0,0,1,0,0
591,27,50,1,10,4,10,0,0,1,0,0,1,0,0,0,0,0,0,0,0,1,0
592,32,105,4,55,25,25,1,0,0,0,0,0,0,1,0,0,0,1,0,0,0,0
593,24,75,3,37,16,22,0,1,0,0,0,0,0,0,1,0,0,0,1,0,0,0
594,29,95,2,23,10,28,1,0,0,0,0,0,0,0,0,1,0,0,0,0,0,1
595,26,150,5,70,25,30,0,1,0,1,0,0,0,0,0,0,0,0,0,1,0,0
596,33,85,4,35,18,18,0,0,1,0,1,0,0,0,0,0,0,0,0,0,1,0
597,22,70,1,14,6,10,1,0,0,0,0,1,0,0,0,0,0,0,1,0,0,0
598,35,110,3,50,25,25,0,1,0,0,0,0,0,1,0,0,1,0,0,0,0,0
599,28,60,2,18,8,18,0,0,1,0,0,0,0,0,1,0,0,1,0,0,0,0
600,27,120,4,40,18,22,1,0,0,0,0,0,0,0,0,1,0,0,1,0,0,0
601,25,120,5,50,20,25,1,0,0,1,0,0,0,0,0,0,1,0,0,0,0,0
602,30,90,4,30,20,22,0,1,0,0,1,0,0,0,0,0,0,1,0,0,0,0
603,22,60,2,20,10,15,0,0,1,0,0,1,0,0,0,0,0,0,1,0,0,0
604,28,200,8,110,40,45,1,0,0,1,0,0,0,0,0,0,0,0,0,1,0,0
605,33,45,1,10,5,12,0,1,0,0,0,0,1,0,0,0,0,0,0,0,1,0
606,21,150,5,65,25,30,0,1,0,1,0,0,0,0,0,0,1,0,0,0,0,0
607,27,85,3,40,18,20,1,0,0,0,1,0,0,0,0,0,0,1,0,0,0,0
608,24,110,6,35,16,25,0,0,1,0,0,1,0,0,0,0,0,0,0,0,0,1
609,29,55,2,15,5,10,1,0,0,0,0,0,1,0,0,0,0,0,1,0,0,0
610,31,170,7,90,35,40,0,1,0,1,0,0,0,0,0,0,1,0,0,0,0,0
611,23,75,4,45,20,25,1,0,0,0,1,0,0,0,0,0,0,0,0,1,0,0
612,26,95,3,30,14,18,0,0,1,0,0,1,0,0,0,0,0,0,0,0,0,1
613,34,65,1,14,6,15,0,1,0,0,0,0,1,0,0,0,0,0,0,0,1,0
614,22,180,8,100,38,45,1,0,0,1,0,0,0,0,0,0,1,0,0,0,0,0
615,28,100,6,50,30,29,0,1,0,0,1,0,0,0,0,0,0,1,0,0,0,0
616,21,40,1,10,4,12,0,0,1,0,0,1,0,0,0,0,0,0,1,0,0,0
617,35,125,5,65,22,28,1,0,0,1,0,0,0,0,0,0,0,0,0,1,0,0
618,27,90,3,40,16,24,0,1,0,0,1,0,0,0,0,0,0,0,0,0,0,1
619,23,50,1,12,6,12,0,0,1,0,0,0,1,0,0,0,0,0,1,0,0,0
620,32,140,6,75,28,30,1,0,0,1,0,0,0,0,0,0,1,0,0,0,0,0
621,26,75,2,30,14,20,0,1,0,0,0,1,0,0,0,0,0,0,0,1,0,0
622,24,105,4,35,20,23,1,0,0,0,1,0,0,0,0,0,0,1,0,0,0,0
623,29,60,2,17,8,15,0,1,0,0,0,0,1,0,0,0,0,0,0,0,1,0
624,33,190,8,105,36,50,0,0,1,1,0,0,0,0,0,0,1,0,0,0,0,0
625,22,70,3,25,16,15,1,0,0,0,1,0,0,0,0,0,0,0,0,0,0,1
626,31,80,2,20,10,20,0,1,0,0,0,1,0,0,0,0,0,0,1,0,0,0
627,27,55,1,12,5,11,0,0,1,0,0,0,1,0,0,0,0,0,0,1,0,0
628,25,160,6,85,26,30,1,0,0,1,0,0,0,0,0,0,1,0,0,0,0,0
629,30,90,4,43,19,24,0,1,0,0,1,0,0,0,0,0,0,1,0,0,0,0
630,26,45,1,8,4,12,0,0,1,0,0,1,0,0,0,0,0,0,0,0,0,1
631,34,65,2,17,5,14,1,0,0,0,0,0,1,0,0,0,0,0,0,0,1,0
632,28,145,7,80,30,35,0,1,0,1,0,0,0,0,0,0,1,0,0,0,0,0
633,23,70,3,30,14,18,0,0,1,0,1,0,0,0,0,0,0,0,1,0,0,0
634,21,130,6,95,22,28,1,0,0,1,0,0,0,0,0,0,0,0,0,0,0,1
635,29,65,2,27,11,22,0,1,0,0,0,1,0,0,0,0,0,0,0,1,0,0
636,24,55,1,11,6,11,0,0,1,0,0,0,1,0,0,0,0,0,0,0,1,0
637,33,170,7,95,30,38,1,0,0,1,0,0,0,0,0,0,1,0,0,0,0,0
638,27,85,4,45,18,24,0,1,0,0,1,0,0,0,0,0,0,1,0,0,0,0
639,22,115,3,60,17,30,1,0,0,1,0,0,0,0,0,0,0,0,1,0,0,0
640,28,100,2,22,12,25,0,0,1,0,0,1,0,0,0,0,0,0,0,1,0,0
641,31,45,1,9,4,10,0,1,0,0,0,0,1,0,0,0,0,0,0,0,0,1
642,25,150,6,90,26,30,1,0,0,1,0,0,0,0,0,0,1,0,0,0,0,0
643,29,95,4,50,22,22,0,1,0,0,1,0,0,0,0,0,0,1,0,0,0,0
644,23,105,2,25,12,18,0,0,1,0,0,1,0,0,0,0,0,0,1,0,0,0
645,35,60,1,15,7,14,1,0,0,0,0,0,1,0,0,0,0,0,0,0,1,0
646,30,175,7,100,33,38,0,1,0,1,0,0,0,0,0,0,1,0,0,0,0,0
647,21,90,3,37,14,20,1,0,0,0,1,0,0,0,0,0,0,0,0,0,0,1
648,26,75,2,30,12,18,0,0,1,0,0,1,0,0,0,0,0,0,0,1,0,0
649,32,130,5,80,28,31,0,1,0,1,0,0,0,0,0,0,0,0,1,0,0,0
650,28,55,1,12,6,10,1,0,0,0,0,0,1,0,0,0,0,0,0,0,1,0
651,27,165,6,85,30,28,0,1,0,1,0,0,0,0,0,0,1,0,0,0,0,0
652,24,75,3,33,18,19,1,0,0,0,1,0,0,0,0,0,0,1,0,0,0,0
653,29,85,2,27,9,20,0,0,1,0,0,1,0,0,0,0,0,0,1,0,0,0
654,33,145,4,65,23,35,1,0,0,1,0,0,0,0,0,0,0,0,0,0,0,1
655,31,60,1,15,7,17,0,1,0,0,0,0,1,0,0,0,0,0,0,1,0,0
656,22,70,2,42,10,21,1,0,0,0,0,0,0,1,0,0,0,0,0,1,0,0
657,25,90,3,22,11,22,0,1,0,0,0,0,0,0,1,0,0,0,0,0,1,0
658,29,50,2,18,7,18,0,0,1,0,0,0,0,0,0,1,0,0,0,0,0,1
659,28,95,4,48,22,25,1,0,0,0,1,0,0,0,0,0,1,0,0,0,0,0
660,27,60,1,12,5,15,0,1,0,0,0,1,0,0,0,0,0,0,0,0,1,0
661,30,175,6,72,30,33,1,0,0,1,0,0,0,0,0,0,1,0,0,0,0,0
662,23,70,3,22,10,18,0,1,0,0,0,0,0,1,0,0,0,1,0,0,0,0
663,34,80,2,21,8,20,0,0,1,0,0,0,0,0,1,0,0,0,1,0,0,0
664,26,120,4,55,18,30,1,0,0,0,0,0,0,0,0,1,0,0,0,1,0,0
665,25,90,6,42,14,26,0,1,0,0,1,0,0,0,0,0,0,0,0,0,0,1
666,29,60,1,12,4,12,0,0,1,0,0,1,0,0,0,0,0,0,0,0,1,0
667,28,165,5,78,23,35,0,1,0,1,0,0,0,0,0,0,1,0,0,0,0,0
668,31,65,2,27,10,20,1,0,0,0,0,0,0,1,0,0,0,0,1,0,0,0
669,27,105,3,48,20,28,0,1,0,0,0,0,0,0,1,0,0,0,0,1,0,0
670,22,75,2,21,8,20,0,0,1,0,0,0,0,0,0,1,0,0,0,0,0,1
671,24,140,4,65,22,30,1,0,0,1,0,0,0,0,0,0,1,0,0,0,0,0
672,35,70,1,13,8,10,0,1,0,0,1,0,0,0,0,0,0,0,0,0,1,0
673,21,55,3,17,7,12,0,0,1,0,0,1,0,0,0,0,0,0,1,0,0,0
674,29,90,2,24,12,22,1,0,0,0,0,0,0,1,0,0,0,1,0,0,0,0
675,25,80,4,30,13,25,0,1,0,0,0,0,0,0,1,0,0,0,1,0,0,0
676,28,115,3,38,18,27,0,0,1,0,0,0,0,0,0,1,0,0,0,1,0,0
677,32,155,6,75,25,38,1,0,0,1,0,0,0,0,0,0,1,0,0,0,0,0
678,26,75,2,23,12,18,0,1,0,0,1,0,0,0,0,0,0,0,0,0,0,1
679,33,65,1,13,7,14,0,0,1,0,0,1,0,0,0,0,0,0,0,1,0,0
680,27,90,4,37,18,20,1,0,0,0,0,0,0,1,0,0,0,0,1,0,0,0
681,31,50,2,20,10,12,0,1,0,0,0,0,0,0,1,0,0,0,0,0,0,1
682,24,85,3,33,20,18,0,0,1,0,0,0,0,0,0,1,1,0,0,0,0,0
683,34,120,5,60,25,25,1,0,0,1,0,0,0,0,0,0,0,1,0,0,0,0
684,22,70,1,22,7,22,0,1,0,0,1,0,0,0,0,0,0,0,1,0,0,0
685,29,75,2,20,8,20,0,0,1,0,0,1,0,0,0,0,0,0,0,0,1,0
686,28,100,4,37,14,26,1,0,0,0,0,0,0,1,0,0,0,0,0,1,0,0
687,31,85,3,45,20,28,0,1,0,0,0,0,0,0,1,0,0,0,0,0,0,1
688,21,60,1,18,7,12,0,0,1,0,0,0,0,0,0,1,0,0,1,0,0,0
689,25,170,6,83,30,33,1,0,0,1,0,0,0,0,0,0,1,0,0,0,0,0
690,30,70,2,30,12,20,0,1,0,0,1,0,0,0,0,0,0,0,0,1,0,0
691,27,50,1,10,4,10,0,0,1,0,0,1,0,0,0,0,0,0,0,0,1,0
692,32,105,4,55,25,25,1,0,0,0,0,0,0,1,0,0,0,1,0,0,0,0
693,24,75,3,37,16,22,0,1,0,0,0,0,0,0,1,0,0,0,1,0,0,0
694,29,95,2,23,10,28,1,0,0,0,0,0,0,0,0,1,0,0,0,0,0,1
695,26,150,5,70,25,30,0,1,0,1,0,0,0,0,0,0,0,0,0,1,0,0
696,33,85,4,35,18,18,0,0,1,0,1,0,0,0,0,0,0,0,0,0,1,0
697,22,70,1,14,6,10,1,0,0,0,0,1,0,0,0,0,0,0,1,0,0,0
698,35,110,3,50,25,25,0,1,0,0,0,0,0,1,0,0,1,0,0,0,0,0
699,28,60,2,18,8,18,0,0,1,0,0,0,0,0,1,0,0,1,0,0,0,0
700,27,120,4,40,18,22,1,0,0,0,0,0,0,0,0,1,0,0,1,0,0,0
701,25,120,5,50,20,25,1,0,0,1,0,0,0,0,0,0,1,0,0,0,0,0
702,30,90,4,30,20,22,0,1,0,0,1,0,0,0,0,0,0,1,0,0,0,0
703,22,60,2,20,10,15,0,0,1,0,0,1,0,0,0,0,0,0,1,0,0,0
704,28,200,8,110,40,45,1,0,0,1,0,0,0,0,0,0,0,0,0,1,0,0
705,33,45,1,10,5,12,0,1,0,0,0,0,1,0,0,0,0,0,0,0,1,0
706,21,150,5,65,25,30,0,1,0,1,0,0,0,0,0,0,1,0,0,0,0,0
707,27,85,3,40,18,20,1,0,0,0,1,0,0,0,0,0,0,1,0,0,0,0
708,24,110,6,35,16,25,0,0,1,0,0,1,0,0,0,0,0,0,0,0,0,1
709,29,55,2,15,5,10,1,0,0,0,0,0,1,0,0,0,0,0,1,0,0,0
710,31,170,7,90,35,40,0,1,0,1,0,0,0,0,0,0,1,0,0,0,0,0
711,23,75,4,45,20,25,1,0,0,0,1,0,0,0,0,0,0,0,0,1,0,0
712,26,95,3,30,14,18,0,0,1,0,0,1,0,0,0,0,0,0,0,0,0,1
713,34,65,1,14,6,15,0,1,0,0,0,0,1,0,0,0,0,0,0,0,1,0
714,22,180,8,100,38,45,1,0,0,1,0,0,0,0,0,0,1,0,0,0,0,0
715,28,100,6,50,30,29,0,1,0,0,1,0,0,0,0,0,0,1,0,0,0,0
716,21,40,1,10,4,12,0,0,1,0,0,1,0,0,0,0,0,0,1,0,0,0
717,35,125,5,65,22,28,1,0,0,1,0,0,0,0,0,0,0,0,0,1,0,0
718,27,90,3,40,16,24,0,1,0,0,1,0,0,0,0,0,0,0,0,0,0,1
719,23,50,1,12,6,12,0,0,1,0,0,0,1,0,0,0,0,0,1,0,0,0
720,32,140,6,75,28,30,1,0,0,1,0,0,0,0,0,0,1,0,0,0,0,0
721,26,75,2,30,14,20,0,1,0,0,0,1,0,0,0,0,0,0,0,1,0,0
722,24,105,4,35,20,23,1,0,0,0,1,0,0,0,0,0,0,1,0,0,0,0
723,29,60,2,17,8,15,0,1,0,0,0,0,1,0,0,0,0,0,0,0,1,0
724,33,190,8,105,36,50,0,0,1,1,0,0,0,0,0,0,1,0,0,0,0,0
725,22,70,3,25,16,15,1,0,0,0,1,0,0,0,0,0,0,0,0,0,0,1
726,31,80,2,20,10,20,0,1,0,0,0,1,0,0,0,0,0,0,1,0,0,0
727,27,55,1,12,5,11,0,0,1,0,0,0,1,0,0,0,0,0,0,1,0,0
728,25,160,6,85,26,30,1,0,0,1,0,0,0,0,0,0,1,0,0,0,0,0
729,30,90,4,43,19,24,0,1,0,0,1,0,0,0,0,0,0,1,0,0,0,0
730,26,45,1,8,4,12,0,0,1,0,0,1,0,0,0,0,0,0,0,0,0,1
731,34,65,2,17,5,14,1,0,0,0,0,0,1,0,0,0,0,0,0,0,1,0
732,28,145,7,80,30,35,0,1,0,1,0,0,0,0,0,0,1,0,0,0,0,0
733,23,70,3,30,14,18,0,0,1,0,1,0,0,0,0,0,0,0,1,0,0,0
734,21,130,6,95,22,28,1,0,0,1,0,0,0,0,0,0,0,0,0,0,0,1
735,29,65,2,27,11,22,0,1,0,0,0,1,0,0,0,0,0,0,0,1,0,0
736,24,55,1,11,6,11,0,0,1,0,0,0,1,0,0,0,0,0,0,0,1,0
737,33,170,7,95,30,38,1,0,0,1,0,0,0,0,0,0,1,0,0,0,0,0
738,27,85,4,45,18,24,0,1,0,0,1,0,0,0,0,0,0,1,0,0,0,0
739,22,115,3,60,17,30,1,0,0,1,0,0,0,0,0,0,0,0,1,0,0,0
740,28,100,2,22,12,25,0,0,1,0,0,1,0,0,0,0,0,0,0,1,0,0
741,31,45,1,9,4,10,0,1,0,0,0,0,1,0,0,0,0,0,0,0,0,1
742,25,150,6,90,26,30,1,0,0,1,0,0,0,0,0,0,1,0,0,0,0,0
743,29,95,4,50,22,22,0,1,0,0,1,0,0,0,0,0,0,1,0,0,0,0
744,23,105,2,25,12,18,0,0,1,0,0,1,0,0,0,0,0,0,1,0,0,0
745,35,60,1,15,7,14,1,0,0,0,0,0,1,0,0,0,0,0,0,0,1,0
746,30,175,7,100,33,38,0,1,0,1,0,0,0,0,0,0,1,0,0,0,0,0
747,21,90,3,37,14,20,1,0,0,0,1,0,0,0,0,0,0,0,0,0,0,1
748,26,75,2,30,12,18,0,0,1,0,0,1,0,0,0,0,0,0,0,1,0,0
749,32,130,5,80,28,31,0,1,0,1,0,0,0,0,0,0,0,0,1,0,0,0
750,28,55,1,12,6,10,1,0,0,0,0,0,1,0,0,0,0,0,0,0,1,0
751,27,165,6,85,30,28,0,1,0,1,0,0,0,0,0,0,1,0,0,0,0,0
752,24,75,3,33,18,19,1,0,0,0,1,0,0,0,0,0,0,1,0,0,0,0
753,29,85,2,27,9,20,0,0,1,0,0,1,0,0,0,0,0,0,1,0,0,0
754,33,145,4,65,23,35,1,0,0,1,0,0,0,0,0,0,0,0,0,0,0,1
755,31,60,1,15,7,17,0,1,0,0,0,0,1,0,0,0,0,0,0,1,0,0
756,22,70,2,42,10,21,1,0,0,0,0,0,0,1,0,0,0,0,0,1,0,0
757,25,90,3,22,11,22,0,1,0,0,0,0,0,0,1,0,0,0,0,0,1,0
758,29,50,2,18,7,18,0,0,1,0,0,0,0,0,0,1,0,0,0,0,0,1
759,28,95,4,48,22,25,1,0,0,0,1,0,0,0,0,0,1,0,0,0,0,0
760,27,60,1,12,5,15,0,1,0,0,0,1,0,0,0,0,0,0,0,0,1,0
761,30,175,6,72,30,33,1,0,0,1,0,0,0,0,0,0,1,0,0,0,0,0
762,23,70,3,22,10,18,0,1,0,0,0,0,0,1,0,0,0,1,0,0,0,0
763,34,80,2,21,8,20,0,0,1,0,0,0,0,0,1,0,0,0,1,0,0,0
764,26,120,4,55,18,30,1,0,0,0,0,0,0,0,0,1,0,0,0,1,0,0
765,25,90,6,42,14,26,0,1,0,0,1,0,0,0,0,0,0,0,0,0,0,1
766,29,60,1,12,4,12,0,0,1,0,0,1,0,0,0,0,0,0,0,0,1,0
767,28,165,5,78,23,35,0,1,0,1,0,0,0,0,0,0,1,0,0,0,0,0
768,31,65,2,27,10,20,1,0,0,0,0,0,0,1,0,0,0,0,1,0,0,0
769,27,105,3,48,20,28,0,1,0,0,0,0,0,0,1,0,0,0,0,1,0,0
770,22,75,2,21,8,20,0,0,1,0,0,0,0,0,0,1,0,0,0,0,0,1
771,24,140,4,65,22,30,1,0,0,1,0,0,0,0,0,0,1,0,0,0,0,0
772,35,70,1,13,8,10,0,1,0,0,1,0,0,0,0,0,0,0,0,0,1,0
773,21,55,3,17,7,12,0,0,1,0,0,1,0,0,0,0,0,0,1,0,0,0
774,29,90,2,24,12,22,1,0,0,0,0,0,0,1,0,0,0,1,0,0,0,0
775,25,80,4,30,13,25,0,1,0,0,0,0,0,0,1,0,0,0,1,0,0,0
776,28,115,3,38,18,27,0,0,1,0,0,0,0,0,0,1,0,0,0,1,0,0
777,32,155,6,75,25,38,1,0,0,1,0,0,0,0,0,0,1,0,0,0,0,0
778,26,75,2,23,12,18,0,1,0,0,1,0,0,0,0,0,0,0,0,0,0,1
779,33,65,1,13,7,14,0,0,1,0,0,1,0,0,0,0,0,0,0,1,0,0
780,27,90,4,37,18,20,1,0,0,0,0,0,0,1,0,0,0,0,1,0,0,0
781,31,50,2,20,10,12,0,1,0,0,0,0,0,0,1,0,0,0,0,0,0,1
782,24,85,3,33,20,18,0,0,1,0,0,0,0,0,0,1,1,0,0,0,0,0
783,34,120,5,60,25,25,1,0,0,1,0,0,0,0,0,0,0,1,0,0,0,0
784,22,70,1,22,7,22,0,1,0,0,1,0,0,0,0,0,0,0,1,0,0,0
785,29,75,2,20,8,20,0,0,1,0,0,1,0,0,0,0,0,0,0,0,1,0
786,28,100,4,37,14,26,1,0,0,0,0,0,0,1,0,0,0,0,0,1,0,0
787,31,85,3,45,20,28,0,1,0,0,0,0,0,0,1,0,0,0,0,0,0,1
788,21,60,1,18,7,12,0,0,1,0,0,0,0,0,0,1,0,0,1,0,0,0
789,25,170,6,83,30,33,1,0,0,1,0,0,0,0,0,0,1,0,0,0,0,0
790,30,70,2,30,12,20,0,1,0,0,1,0,0,0,0,0,0,0,0,1,0,0
791,27,50,1,10,4,10,0,0,1,0,0,1,0,0,0,0,0,0,0,0,1,0
792,32,105,4,55,25,25,1,0,0,0,0,0,0,1,0,0,0,1,0,0,0,0
793,24,75,3,37,16,22,0,1,0,0,0,0,0,0,1,0,0,0,1,0,0,0
794,29,95,2,23,10,28,1,0,0,0,0,0,0,0,0,1,0,0,0,0,0,1
795,26,150,5,70,25,30,0,1,0,1,0,0,0,0,0,0,0,0,0,1,0,0
796,33,85,4,35,18,18,0,0,1,0,1,0,0,0,0,0,0,0,0,0,1,0
797,22,70,1,14,6,10,1,0,0,0,0,1,0,0,0,0,0,0,1,0,0,0
798,35,110,3,50,25,25,0,1,0,0,0,0,0,1,0,0,1,0,0,0,0,0
799,28,60,2,18,8,18,0,0,1,0,0,0,0,0,1,0,0,1,0,0,0,0
800,27,120,4,40,18,22,1,0,0,0,0,0,0,0,0,1,0,0,1,0,0,0
801,25,120,5,50,20,25,1,0,0,1,0,0,0,0,0,0,1,0,0,0,0,0
802,30,90,4,30,20,22,0,1,0,0,1,0,0,0,0,0,0,1,0,0,0,0
803,22,60,2,20,10,15,0,0,1,0,0,1,0,0,0,0,0,0,1,0,0,0
804,28,200,8,110,40,45,1,0,0,1,0,0,0,0,0,0,0,0,0,1,0,0
805,33,45,1,10,5,12,0,1,0,0,0,0,1,0,0,0,0,0,0,0,1,0
806,21,150,5,65,25,30,0,1,0,1,0,0,0,0,0,0,1,0,0,0,0,0
807,27,85,3,40,18,20,1,0,0,0,1,0,0,0,0,0,0,1,0,0,0,0
808,24,110,6,35,16,25,0,0,1,0,0,1,0,0,0,0,0,0,0,0,0,1
809,29,55,2,15,5,10,1,0,0,0,0,0,1,0,0,0,0,0,1,0,0,0
810,31,170,7,90,35,40,0,1,0,1,0,0,0,0,0,0,1,0,0,0,0,0
811,23,75,4,45,20,25,1,0,0,0,1,0,0,0,0,0,0,0,0,1,0,0
812,26,95,3,30,14,18,0,0,1,0,0,1,0,0,0,0,0,0,0,0,0,1
813,34,65,1,14,6,15,0,1,0,0,0,0,1,0,0,0,0,0,0,0,1,0
814,22,180,8,100,38,45,1,0,0,1,0,0,0,0,0,0,1,0,0,0,0,0
815,28,100,6,50,30,29,0,1,0,0,1,0,0,0,0,0,0,1,0,0,0,0
816,21,40,1,10,4,12,0,0,1,0,0,1,0,0,0,0,0,0,1,0,0,0
817,35,125,5,65,22,28,1,0,0,1,0,0,0,0,0,0,0,0,0,1,0,0
818,27,90,3,40,16,24,0,1,0,0,1,0,0,0,0,0,0,0,0,0,0,1
819,23,50,1,12,6,12,0,0,1,0,0,0,1,0,0,0,0,0,1,0,0,0
820,32,140,6,75,28,30,1,0,0,1,0,0,0,0,0,0,1,0,0,0,0,0
821,26,75,2,30,14,20,0,1,0,0,0,1,0,0,0,0,0,0,0,1,0,0
822,24,105,4,35,20,23,1,0,0,0,1,0,0,0,0,0,0,1,0,0,0,0
823,29,60,2,17,8,15,0,1,0,0,0,0,1,0,0,0,0,0,0,0,1,0
824,33,190,8,105,36,50,0,0,1,1,0,0,0,0,0,0,1,0,0,0,0,0
825,22,70,3,25,16,15,1,0,0,0,1,0,0,0,0,0,0,0,0,0,0,1
826,31,80,2,20,10,20,0,1,0,0,0,1,0,0,0,0,0,0,1,0,0,0
827,27,55,1,12,5,11,0,0,1,0,0,0,1,0,0,0,0,0,0,1,0,0
828,25,160,6,85,26,30,1,0,0,1,0,0,0,0,0,0,1,0,0,0,0,0
829,30,90,4,43,19,24,0,1,0,0,1,0,0,0,0,0,0,1,0,0,0,0
830,26,45,1,8,4,12,0,0,1,0,0,1,0,0,0,0,0,0,0,0,0,1
831,34,65,2,17,5,14,1,0,0,0,0,0,1,0,0,0,0,0,0,0,1,0
832,28,145,7,80,30,35,0,1,0,1,0,0,0,0,0,0,1,0,0,0,0,0
833,23,70,3,30,14,18,0,0,1,0,1,0,0,0,0,0,0,0,1,0,0,0
834,21,130,6,95,22,28,1,0,0,1,0,0,0,0,0,0,0,0,0,0,0,1
835,29,65,2,27,11,22,0,1,0,0,0,1,0,0,0,0,0,0,0,1,0,0
836,24,55,1,11,6,11,0,0,1,0,0,0,1,0,0,0,0,0,0,0,1,0
837,33,170,7,95,30,38,1,0,0,1,0,0,0,0,0,0,1,0,0,0,0,0
838,27,85,4,45,18,24,0,1,0,0,1,0,0,0,0,0,0,1,0,0,0,0
839,22,115,3,60,17,30,1,0,0,1,0,0,0,0,0,0,0,0,1,0,0,0
840,28,100,2,22,12,25,0,0,1,0,0,1,0,0,0,0,0,0,0,1,0,0
841,31,45,1,9,4,10,0,1,0,0,0,0,1,0,0,0,0,0,0,0,0,1
842,25,150,6,90,26,30,1,0,0,1,0,0,0,0,0,0,1,0,0,0,0,0
843,29,95,4,50,22,22,0,1,0,0,1,0,0,0,0,0,0,1,0,0,0,0
844,23,105,2,25,12,18,0,0,1,0,0,1,0,0,0,0,0,0,1,0,0,0
845,35,60,1,15,7,14,1,0,0,0,0,0,1,0,0,0,0,0,0,0,1,0
846,30,175,7,100,33,38,0,1,0,1,0,0,0,0,0,0,1,0,0,0,0,0
847,21,90,3,37,14,20,1,0,0,0,1,0,0,0,0,0,0,0,0,0,0,1
848,26,75,2,30,12,18,0,0,1,0,0,1,0,0,0,0,0,0,0,1,0,0
849,32,130,5,80,28,31,0,1,0,1,0,0,0,0,0,0,0,0,1,0,0,0
850,28,55,1,12,6,10,1,0,0,0,0,0,1,0,0,0,0,0,0,0,1,0
851,27,165,6,85,30,28,0,1,0,1,0,0,0,0,0,0,1,0,0,0,0,0
852,24,75,3,33,18,19,1,0,0,0,1,0,0,0,0,0,0,1,0,0,0,0
853,29,85,2,27,9,20,0,0,1,0,0,1,0,0,0,0,0,0,1,0,0,0
854,33,145,4,65,23,35,1,0,0,1,0,0,0,0,0,0,0,0,0,0,0,1
855,31,60,1,15,7,17,0,1,0,0,0,0,1,0,0,0,0,0,0,1,0,0
856,22,70,2,42,10,21,1,0,0,0,0,0,0,1,0,0,0,0,0,1,0,0
857,25,90,3,22,11,22,0,1,0,0,0,0,0,0,1,0,0,0,0,0,1,0
858,29,50,2,18,7,18,0,0,1,0,0,0,0,0,0,1,0,0,0,0,0,1
859,28,95,4,48,22,25,1,0,0,0,1,0,0,0,0,0,1,0,0,0,0,0
860,27,60,1,12,5,15,0,1,0,0,0,1,0,0,0,0,0,0,0,0,1,0
861,30,175,6,72,30,33,1,0,0,1,0,0,0,0,0,0,1,0,0,0,0,0
862,23,70,3,22,10,18,0,1,0,0,0,0,0,1,0,0,0,1,0,0,0,0
863,34,80,2,21,8,20,0,0,1,0,0,0,0,0,1,0,0,0,1,0,0,0
864,26,120,4,55,18,30,1,0,0,0,0,0,0,0,0,1,0,0,0,1,0,0
865,25,90,6,42,14,26,0,1,0,0,1,0,0,0,0,0,0,0,0,0,0,1
866,29,60,1,12,4,12,0,0,1,0,0,1,0,0,0,0,0,0,0,0,1,0
867,28,165,5,78,23,35,0,1,0,1,0,0,0,0,0,0,1,0,0,0,0,0
868,31,65,2,27,10,20,1,0,0,0,0,0,0,1,0,0,0,0,1,0,0,0
869,27,105,3,48,20,28,0,1,0,0,0,0,0,0,1,0,0,0,0,1,0,0
870,22,75,2,21,8,20,0,0,1,0,0,0,0,0,0,1,0,0,0,0,0,1
871,24,140,4,65,22,30,1,0,0,1,0,0,0,0,0,0,1,0,0,0,0,0
872,35,70,1,13,8,10,0,1,0,0,1,0,0,0,0,0,0,0,0,0,1,0
873,21,55,3,17,7,12,0,0,1,0,0,1,0,0,0,0,0,0,1,0,0,0
874,29,90,2,24,12,22,1,0,0,0,0,0,0,1,0,0,0,1,0,0,0,0
875,25,80,4,30,13,25,0,1,0,0,0,0,0,0,1,0,0,0,1,0,0,0
876,28,115,3,38,18,27,0,0,1,0,0,0,0,0,0,1,0,0,0,1,0,0
877,32,155,6,75,25,38,1,0,0,1,0,0,0,0,0,0,1,0,0,0,0,0
878,26,75,2,23,12,18,0,1,0,0,1,0,0,0,0,0,0,0,0,0,0,1
879,33,65,1,13,7,14,0,0,1,0,0,1,0,0,0,0,0,0,0,1,0,0
880,27,90,4,37,18,20,1,0,0,0,0,0,0,1,0,0,0,0,1,0,0,0
881,31,50,2,20,10,12,0,1,0,0,0,0,0,0,1,0,0,0,0,0,0,1
882,24,85,3,33,20,18,0,0,1,0,0,0,0,0,0,1,1,0,0,0,0,0
883,34,120,5,60,25,25,1,0,0,1,0,0,0,0,0,0,0,1,0,0,0,0
884,22,70,1,22,7,22,0,1,0,0,1,0,0,0,0,0,0,0,1,0,0,0
885,29,75,2,20,8,20,0,0,1,0,0,1,0,0,0,0,0,0,0,0,1,0
886,28,100,4,37,14,26,1,0,0,0,0,0,0,1,0,0,0,0,0,1,0,0
887,31,85,3,45,20,28,0,1,0,0,0,0,0,0,1,0,0,0,0,0,0,1
888,21,60,1,18,7,12,0,0,1,0,0,0,0,0,0,1,0,0,1,0,0,0
889,25,170,6,83,30,33,1,0,0,1,0,0,0,0,0,0,1,0,0,0,0,0
890,30,70,2,30,12,20,0,1,0,0,1,0,0,0,0,0,0,0,0,1,0,0
891,27,50,1,10,4,10,0,0,1,0,0,1,0,0,0,0,0,0,0,0,1,0
892,32,105,4,55,25,25,1,0,0,0,0,0,0,1,0,0,0,1,0,0,0,0
893,24,75,3,37,16,22,0,1,0,0,0,0,0,0,1,0,0,0,1,0,0,0
894,29,95,2,23,10,28,1,0,0,0,0,0,0,0,0,1,0,0,0,0,0,1
895,26,150,5,70,25,30,0,1,0,1,0,0,0,0,0,0,0,0,0,1,0,0
896,33,85,4,35,18,18,0,0,1,0,1,0,0,0,0,0,0,0,0,0,1,0
897,22,70,1,14,6,10,1,0,0,0,0,1,0,0,0,0,0,0,1,0,0,0
898,35,110,3,50,25,25,0,1,0,0,0,0,0,1,0,0,1,0,0,0,0,0
899,28,60,2,18,8,18,0,0,1,0,0,0,0,0,1,0,0,1,0,0,0,0
900,27,120,4,40,18,22,1,0,0,0,0,0,0,0,0,1,0,0,1,0,0,0
901,25,120,5,50,20,25,1,0,0,1,0,0,0,0,0,0,1,0,0,0,0,0
902,30,90,4,30,20,22,0,1,0,0,1,0,0,0,0,0,0,1,0,0,0,0
903,22,60,2,20,10,15,0,0,1,0,0,1,0,0,0,0,0,0,1,0,0,0
904,28,200,8,110,40,45,1,0,0,1,0,0,0,0,0,0,0,0,0,1,0,0
905,33,45,1,10,5,12,0,1,0,0,0,0,1,0,0,0,0,0,0,0,1,0
906,21,150,5,65,25,30,0,1,0,1,0,0,0,0,0,0,1,0,0,0,0,0
907,27,85,3,40,18,20,1,0,0,0,1,0,0,0,0,0,0,1,0,0,0,0
908,24,110,6,35,16,25,0,0,1,0,0,1,0,0,0,0,0,0,0,0,0,1
909,29,55,2,15,5,10,1,0,0,0,0,0,1,0,0,0,0,0,1,0,0,0
910,31,170,7,90,35,40,0,1,0,1,0,0,0,0,0,0,1,0,0,0,0,0
911,23,75,4,45,20,25,1,0,0,0,1,0,0,0,0,0,0,0,0,1,0,0
912,26,95,3,30,14,18,0,0,1,0,0,1,0,0,0,0,0,0,0,0,0,1
913,34,65,1,14,6,15,0,1,0,0,0,0,1,0,0,0,0,0,0,0,1,0
914,22,180,8,100,38,45,1,0,0,1,0,0,0,0,0,0,1,0,0,0,0,0
915,28,100,6,50,30,29,0,1,0,0,1,0,0,0,0,0,0,1,0,0,0,0
916,21,40,1,10,4,12,0,0,1,0,0,1,0,0,0,0,0,0,1,0,0,0
917,35,125,5,65,22,28,1,0,0,1,0,0,0,0,0,0,0,0,0,1,0,0
918,27,90,3,40,16,24,0,1,0,0,1,0,0,0,0,0,0,0,0,0,0,1
919,23,50,1,12,6,12,0,0,1,0,0,0,1,0,0,0,0,0,1,0,0,0
920,32,140,6,75,28,30,1,0,0,1,0,0,0,0,0,0,1,0,0,0,0,0
921,26,75,2,30,14,20,0,1,0,0,0,1,0,0,0,0,0,0,0,1,0,0
922,24,105,4,35,20,23,1,0,0,0,1,0,0,0,0,0,0,1,0,0,0,0
923,29,60,2,17,8,15,0,1,0,0,0,0,1,0,0,0,0,0,0,0,1,0
924,33,190,8,105,36,50,0,0,1,1,0,0,0,0,0,0,1,0,0,0,0,0
925,22,70,3,25,16,15,1,0,0,0,1,0,0,0,0,0,0,0,0,0,0,1
926,31,80,2,20,10,20,0,1,0,0,0,1,0,0,0,0,0,0,1,0,0,0
927,27,55,1,12,5,11,0,0,1,0,0,0,1,0,0,0,0,0,0,1,0,0
928,25,160,6,85,26,30,1,0,0,1,0,0,0,0,0,0,1,0,0,0,0,0
929,30,90,4,43,19,24,0,1,0,0,1,0,0,0,0,0,0,1,0,0,0,0
930,26,45,1,8,4,12,0,0,1,0,0,1,0,0,0,0,0,0,0,0,0,1
931,34,65,2,17,5,14,1,0,0,0,0,0,1,0,0,0,0,0,0,0,1,0
932,28,145,7,80,30,35,0,1,0,1,0,0,0,0,0,0,1,0,0,0,0,0
933,23,70,3,30,14,18,0,0,1,0,1,0,0,0,0,0,0,0,1,0,0,0
934,21,130,6,95,22,28,1,0,0,1,0,0,0,0,0,0,0,0,0,0,0,1
935,29,65,2,27,11,22,0,1,0,0,0,1,0,0,0,0,0,0,0,1,0,0
936,24,55,1,11,6,11,0,0,1,0,0,0,1,0,0,0,0,0,0,0,1,0
937,33,170,7,95,30,38,1,0,0,1,0,0,0,0,0,0,1,0,0,0,0,0
938,27,85,4,45,18,24,0,1,0,0,1,0,0,0,0,0,0,1,0,0,0,0
939,22,115,3,60,17,30,1,0,0,1,0,0,0,0,0,0,0,0,1,0,0,0
940,28,100,2,22,12,25,0,0,1,0,0,1,0,0,0,0,0,0,0,1,0,0
941,31,45,1,9,4,10,0,1,0,0,0,0,1,0,0,0,0,0,0,0,0,1
942,25,150,6,90,26,30,1,0,0,1,0,0,0,0,0,0,1,0,0,0,0,0
943,29,95,4,50,22,22,0,1,0,0,1,0,0,0,0,0,0,1,0,0,0,0
944,23,105,2,25,12,18,0,0,1,0,0,1,0,0,0,0,0,0,1,0,0,0
945,35,60,1,15,7,14,1,0,0,0,0,0,1,0,0,0,0,0,0,0,1,0
946,30,175,7,100,33,38,0,1,0,1,0,0,0,0,0,0,1,0,0,0,0,0
947,21,90,3,37,14,20,1,0,0,0,1,0,0,0,0,0,0,0,0,0,0,1
948,26,75,2,30,12,18,0,0,1,0,0,1,0,0,0,0,0,0,0,1,0,0
949,32,130,5,80,28,31,0,1,0,1,0,0,0,0,0,0,0,0,1,0,0,0
950,28,55,1,12,6,10,1,0,0,0,0,0,1,0,0,0,0,0,0,0,1,0
951,27,165,6,85,30,28,0,1,0,1,0,0,0,0,0,0,1,0,0,0,0,0
952,24,75,3,33,18,19,1,0,0,0,1,0,0,0,0,0,0,1,0,0,0,0
953,29,85,2,27,9,20,0,0,1,0,0,1,0,0,0,0,0,0,1,0,0,0
954,33,145,4,65,23,35,1,0,0,1,0,0,0,0,0,0,0,0,0,0,0,1
955,31,60,1,15,7,17,0,1,0,0,0,0,1,0,0,0,0,0,0,1,0,0
956,22,70,2,42,10,21,1,0,0,0,0,0,0,1,0,0,0,0,0,1,0,0
957,25,90,3,22,11,22,0,1,0,0,0,0,0,0,1,0,0,0,0,0,1,0
958,29,50,2,18,7,18,0,0,1,0,0,0,0,0,0,1,0,0,0,0,0,1
959,28,95,4,48,22,25,1,0,0,0,1,0,0,0,0,0,1,0,0,0,0,0
960,27,60,1,12,5,15,0,1,0,0,0,1,0,0,0,0,0,0,0,0,1,0
961,30,175,6,72,30,33,1,0,0,1,0,0,0,0,0,0,1,0,0,0,0,0
962,23,70,3,22,10,18,0,1,0,0,0,0,0,1,0,0,0,1,0,0,0,0
963,34,80,2,21,8,20,0,0,1,0,0,0,0,0,1,0,0,0,1,0,0,0
964,26,120,4,55,18,30,1,0,0,0,0,0,0,0,0,1,0,0,0,1,0,0
965,25,90,6,42,14,26,0,1,0,0,1,0,0,0,0,0,0,0,0,0,0,1
966,29,60,1,12,4,12,0,0,1,0,0,1,0,0,0,0,0,0,0,0,1,0
967,28,165,5,78,23,35,0,1,0,1,0,0,0,0,0,0,1,0,0,0,0,0
968,31,65,2,27,10,20,1,0,0,0,0,0,0,1,0,0,0,0,1,0,0,0
969,27,105,3,48,20,28,0,1,0,0,0,0,0,0,1,0,0,0,0,1,0,0
970,22,75,2,21,8,20,0,0,1,0,0,0,0,0,0,1,0,0,0,0,0,1
971,24,140,4,65,22,30,1,0,0,1,0,0,0,0,0,0,1,0,0,0,0,0
972,35,70,1,13,8,10,0,1,0,0,1,0,0,0,0,0,0,0,0,0,1,0
973,21,55,3,17,7,12,0,0,1,0,0,1,0,0,0,0,0,0,1,0,0,0
974,29,90,2,24,12,22,1,0,0,0,0,0,0,1,0,0,0,1,0,0,0,0
975,25,80,4,30,13,25,0,1,0,0,0,0,0,0,1,0,0,0,1,0,0,0
976,28,115,3,38,18,27,0,0,1,0,0,0,0,0,0,1,0,0,0,1,0,0
977,32,155,6,75,25,38,1,0,0,1,0,0,0,0,0,0,1,0,0,0,0,0
978,26,75,2,23,12,18,0,1,0,0,1,0,0,0,0,0,0,0,0,0,0,1
979,33,65,1,13,7,14,0,0,1,0,0,1,0,0,0,0,0,0,0,1,0,0
980,27,90,4,37,18,20,1,0,0,0,0,0,0,1,0,0,0,0,1,0,0,0
981,31,50,2,20,10,12,0,1,0,0,0,0,0,0,1,0,0,0,0,0,0,1
982,24,85,3,33,20,18,0,0,1,0,0,0,0,0,0,1,1,0,0,0,0,0
983,34,120,5,60,25,25,1,0,0,1,0,0,0,0,0,0,0,1,0,0,0,0
984,22,70,1,22,7,22,0,1,0,0,1,0,0,0,0,0,0,0,1,0,0,0
985,29,75,2,20,8,20,0,0,1,0,0,1,0,0,0,0,0,0,0,0,1,0
986,28,100,4,37,14,26,1,0,0,0,0,0,0,1,0,0,0,0,0,1,0,0
987,31,85,3,45,20,28,0,1,0,0,0,0,0,0,1,0,0,0,0,0,0,1
988,21,60,1,18,7,12,0,0,1,0,0,0,0,0,0,1,0,0,1,0,0,0
989,25,170,6,83,30,33,1,0,0,1,0,0,0,0,0,0,1,0,0,0,0,0
990,30,70,2,30,12,20,0,1,0,0,1,0,0,0,0,0,0,0,0,1,0,0
991,27,50,1,10,4,10,0,0,1,0,0,1,0,0,0,0,0,0,0,0,1,0
992,32,105,4,55,25,25,1,0,0,0,0,0,0,1,0,0,0,1,0,0,0,0
993,24,75,3,37,16,22,0,1,0,0,0,0,0,0,1,0,0,0,1,0,0,0
994,29,95,2,23,10,28,1,0,0,0,0,0,0,0,0,1,0,0,0,0,0,1
995,26,150,5,70,25,30,0,1,0,1,0,0,0,0,0,0,0,0,0,1,0,0
996,33,85,4,35,18,18,0,0,1,0,1,0,0,0,0,0,0,0,0,0,1,0
997,22,70,1,14,6,10,1,0,0,0,0,1,0,0,0,0,0,0,1,0,0,0
998,35,110,3,50,25,25,0,1,0,0,0,0,0,1,0,0,1,0,0,0,0,0
999,28,60,2,18,8,18,0,0,1,0,0,0,0,0,1,0,0,1,0,0,0,0
1000,27,120,4,40,18,22,1,0,0,0,0,0,0,0,0,1,0,0,1,0,0,0
